-- phpMyAdmin SQL Dump
-- version 4.0.10deb1
-- http://www.phpmyadmin.net
--
-- Host: dev.lmc-db.logmycalls.com
-- Generation Time: Feb 24, 2015 at 10:45 AM
-- Server version: 5.6.21-70.1-56
-- PHP Version: 5.5.9-1ubuntu4.6

SET SQL_MODE = "NO_AUTO_VALUE_ON_ZERO";
SET time_zone = "+00:00";

/*!40101 SET @OLD_CHARACTER_SET_CLIENT=@@CHARACTER_SET_CLIENT */;
/*!40101 SET @OLD_CHARACTER_SET_RESULTS=@@CHARACTER_SET_RESULTS */;
/*!40101 SET @OLD_COLLATION_CONNECTION=@@COLLATION_CONNECTION */;
/*!40101 SET NAMES utf8 */;

--
-- Database: `ct_dev`
--

--
-- Dumping data for table `call_flow_recording`
--

INSERT INTO `call_flow_recording` (`call_flow_recording_id`, `call_flow_recording_ou_id`, `call_flow_recording_filename`, `call_flow_recording_name`, `call_flow_recording_type`, `call_flow_recording_created`, `call_flow_recording_modified`) VALUES
(0, 1, 'uLzUrQmd_1424745812025', 'My favorite greeting', 'prompt', '2015-02-24 17:08:52', '0000-00-00 00:00:00');

--
-- Dumping data for table `campaign`
--

INSERT INTO `campaign` (`campaign_id`, `campaign_ou_id`, `campaign_ext_id`, `campaign_name`, `campaign_status`, `campaign_created`, `campaign_modified`) VALUES
(1, 8, '123465', 'Winter Adwords campaign', 'active', '2015-02-12 17:14:28', '2015-02-23 21:52:13'),
(144, 8, 'ga-1122', 'Spring Campaign', 'inactive', '2015-02-19 19:00:17', '2015-02-20 01:31:52'),
(152, 8, '456', 'Joe Smiles', 'active', '2015-02-19 23:22:35', '2015-02-19 23:38:36'),
(153, 8, 'dd', 'My Favorite Dentist', 'active', '2015-02-19 23:23:38', '2015-02-19 23:23:38'),
(154, 8, '345678', 'joes crab shack', 'inactive', '2015-02-19 23:27:07', '2015-02-20 00:09:09'),
(155, 8, '1212', 'Robert Smith Agency LLC', 'active', '2015-02-19 23:58:06', '2015-02-19 23:58:06'),
(157, 8, '', 'New Campaign', 'active', '2015-02-22 03:34:49', '2015-02-22 03:34:49'),
(158, 8, '', 'New Campaign', 'active', '2015-02-23 02:55:18', '2015-02-23 02:55:18'),
(159, 8, 'ss', 'New Campaign', 'active', '2015-02-23 02:55:20', '2015-02-23 16:56:04'),
(160, 8, 'ss', 'New Campaign', 'inactive', '2015-02-23 02:56:13', '2015-02-23 16:52:03'),
(161, 8, '', 'New Campaign', 'active', '2015-02-23 18:20:03', '2015-02-23 18:20:03'),
(165, 8, '', 'New Campaign', 'active', '2015-02-24 05:34:56', '2015-02-24 05:34:56'),
(166, 8, '', 'New Campaign', 'active', '2015-02-24 05:36:14', '2015-02-24 05:36:14'),
(167, 8, 'ww', 't1', 'active', '2015-02-24 06:05:05', '2015-02-24 06:11:46');

--
-- Dumping data for table `campaign_ct_user`
--

INSERT INTO `campaign_ct_user` (`campaign_id`, `ct_user_id`) VALUES
(1, 1),
(1, 2),
(1, 4),
(1, 12),
(1, 14),
(152, 3),
(152, 4),
(153, 3),
(154, 3);

--
-- Dumping data for table `campaign_provisioned_route`
--

INSERT INTO `campaign_provisioned_route` (`campaign_id`, `provisioned_route_id`) VALUES
(1, 192),
(1, 193),
(1, 199),
(1, 200),
(144, 191),
(152, 196),
(154, 197),
(157, 201),
(157, 202),
(160, 203),
(161, 204),
(161, 208),
(165, 209),
(166, 210);

--
-- Dumping data for table `channel`
--

INSERT INTO `channel` (`channel_id`, `category`, `sub_category`, `channel_created`, `channel_modified`, `channel_status`) VALUES
(1, 'Online', 'Paid Search', '2015-01-30 00:00:00', '2015-01-30 00:00:00', 'active'),
(2, 'Online', 'Organic Search', '2015-01-30 00:00:00', '2015-01-30 00:00:00', 'active'),
(3, 'Online', 'Display', '2015-01-30 00:00:00', '2015-01-30 00:00:00', 'active'),
(4, 'Online', 'Social Media', '2015-01-30 00:00:00', '2015-01-30 00:00:00', 'active'),
(5, 'Online', 'Other', '2015-01-30 00:00:00', '2015-01-30 00:00:00', 'active'),
(6, 'Mobile', 'Paid Search', '2015-01-30 00:00:00', '2015-01-30 00:00:00', 'active'),
(7, 'Mobile', 'Organic Search', '2015-01-30 00:00:00', '2015-01-30 00:00:00', 'active'),
(8, 'Mobile', 'Display', '2015-01-30 00:00:00', '2015-01-30 00:00:00', 'active'),
(9, 'Mobile ', 'SMS', '2015-01-30 00:00:00', '2015-01-30 00:00:00', 'active'),
(10, 'Mobile', 'Apps', '2015-01-30 00:00:00', '2015-01-30 00:00:00', 'active'),
(11, 'Mobile', 'Other', '2015-01-30 00:00:00', '2015-01-30 00:00:00', 'active'),
(12, 'Offline', 'Direct Mail', '2015-01-30 00:00:00', '2015-01-30 00:00:00', 'active'),
(13, 'Offline', 'Magazine', '2015-01-30 00:00:00', '2015-01-30 00:00:00', 'active'),
(14, 'Offline', 'Outdoor', '2015-01-30 00:00:00', '2015-01-30 00:00:00', 'active'),
(15, 'Offline', 'Radio', '2015-01-30 00:00:00', '2015-01-30 00:00:00', 'active'),
(16, 'Offline', 'TV', '2015-01-30 00:00:00', '2015-01-30 00:00:00', 'active'),
(17, 'Offline', 'Insert', '2015-01-30 00:00:00', '2015-01-30 00:00:00', 'active'),
(18, 'Offline', 'Other', '2015-01-30 00:00:00', '2015-01-30 00:00:00', 'active');

--
-- Dumping data for table `component`
--

INSERT INTO `component` (`component_id`, `component_parent_id`, `component_external_id`, `component_name`, `component_desc`, `component_table`, `table_primary_key`, `threshold_max`, `threshold_call`, `component_active`, `component_created`) VALUES
(1, NULL, 12456, 'E-mail Digest', NULL, NULL, NULL, 0, NULL, 1, '2015-02-17 21:19:48'),
(2, NULL, 453745, 'Campaign', NULL, 'campaign', 'campaign_id', 0, NULL, 1, '2015-02-17 21:33:58'),
(3, NULL, 123789, 'Users Free', 'Add and edit users for an organizational unit', NULL, NULL, 0, NULL, 1, '2015-02-19 16:37:52'),
(4, NULL, NULL, 'Call Tracking', NULL, NULL, NULL, 0, NULL, 1, '2015-02-19 17:37:56'),
(5, NULL, NULL, 'Local or Toll-free number', NULL, NULL, NULL, 1, NULL, 1, '2015-02-19 17:37:56'),
(6, NULL, NULL, 'Reports', NULL, NULL, NULL, 0, NULL, 1, '2015-02-19 17:38:44'),
(7, NULL, NULL, 'Call Recording', NULL, NULL, NULL, 0, NULL, 1, '2015-02-19 17:38:44'),
(8, NULL, NULL, 'Users mid', NULL, NULL, NULL, 0, NULL, 1, '2015-02-19 17:39:56'),
(9, NULL, NULL, 'Users pro', NULL, NULL, NULL, 0, NULL, 1, '2015-02-19 17:39:56');

--
-- Dumping data for table `component_access`
--

INSERT INTO `component_access` (`component_id`, `scope_id`, `component_permission`) VALUES
(1, 1, 6),
(3, 3, 6),
(4, 4, 6),
(5, 5, 6),
(6, 6, 6),
(7, 7, 6),
(8, 3, 6),
(9, 3, 6);

--
-- Dumping data for table `ct_log`
--

INSERT INTO `ct_log` (`ct_log_id`, `ct_log_ou_id`, `actor_type`, `actor`, `action`, `object`, `object_attribute`, `object_event`, `created`) VALUES
(1, 1, 'User', 'lmcsuper@logmycalls.com', 'Login', NULL, NULL, NULL, '2015-02-12 14:37:55'),
(2, 1, 'User', 'lmcsuper@logmycalls.com', 'Login', NULL, NULL, NULL, '2015-02-12 23:26:42'),
(3, 1, 'User', 'lmcsuper@logmycalls.com', 'Login', NULL, NULL, NULL, '2015-02-12 23:26:53'),
(4, 1, 'User', 'lmcsuper@logmycalls.com', 'Login', NULL, NULL, NULL, '2015-02-12 15:04:00'),
(5, 1, 'User', 'lmcsuper@logmycalls.com', 'Login', NULL, NULL, NULL, '2015-02-12 23:46:30'),
(6, 1, 'User', 'lmcsuper@logmycalls.com', 'Login', NULL, NULL, NULL, '2015-02-12 23:50:00'),
(7, 1, 'User', 'lmcsuper@logmycalls.com', 'Login', NULL, NULL, NULL, '2015-02-12 23:57:14'),
(8, 1, 'User', 'lmcsuper@logmycalls.com', 'Login', NULL, NULL, NULL, '2015-02-12 15:38:18'),
(9, 1, 'User', 'lmcsuper@logmycalls.com', 'Login', NULL, NULL, NULL, '2015-02-13 00:06:52'),
(10, 1, 'User', 'lmcsuper@logmycalls.com', 'Login', NULL, NULL, NULL, '2015-02-13 00:24:09'),
(11, 1, 'User', 'lmcsuper@logmycalls.com', 'Login', NULL, NULL, NULL, '2015-02-13 00:29:39'),
(12, 1, 'User', 'lmcsuper@logmycalls.com', 'Login', NULL, NULL, NULL, '2015-02-12 16:05:56'),
(13, 1, 'User', 'lmcsuper@logmycalls.com', 'Login', NULL, NULL, NULL, '2015-02-13 00:30:04'),
(14, 1, 'User', 'lmcsuper@logmycalls.com', 'Login', NULL, NULL, NULL, '2015-02-12 16:06:54'),
(15, 1, 'User', 'lmcsuper@logmycalls.com', 'Login', NULL, NULL, NULL, '2015-02-13 00:35:44'),
(16, 1, 'User', 'lmcsuper@logmycalls.com', 'Login', NULL, NULL, NULL, '2015-02-12 16:13:59'),
(17, 1, 'User', 'lmcsuper@logmycalls.com', 'Login', NULL, NULL, NULL, '2015-02-13 01:33:38'),
(18, 1, 'User', 'lmcsuper@logmycalls.com', 'Login', NULL, NULL, NULL, '2015-02-13 02:20:43'),
(19, 1, 'User', 'lmcsuper@logmycalls.com', 'Login', NULL, NULL, NULL, '2015-02-12 18:09:23'),
(20, 1, 'User', 'lmcsuper@logmycalls.com', 'Login', NULL, NULL, NULL, '2015-02-12 18:11:10'),
(21, 1, 'User', 'lmcsuper@logmycalls.com', 'Login', NULL, NULL, NULL, '2015-02-13 03:01:56'),
(22, 1, 'User', 'lmcsuper@logmycalls.com', 'Login', NULL, NULL, NULL, '2015-02-12 18:22:41'),
(23, 1, 'User', 'lmcsuper@logmycalls.com', 'added', 'campaign', 'Campaign Name', NULL, '2015-02-12 18:25:50'),
(24, 1, 'User', 'lmcsuper@logmycalls.com', 'added', 'campaign', 'Campaign Name', NULL, '2015-02-12 18:29:42'),
(25, 1, 'User', 'lmcsuper@logmycalls.com', 'added', 'campaign', 'Campaign Name', NULL, '2015-02-12 18:30:40'),
(26, 1, 'User', 'lmcsuper@logmycalls.com', 'added', 'campaign', 'Campaign Name', NULL, '2015-02-12 18:32:02'),
(27, 1, 'User', 'lmcsuper@logmycalls.com', 'added', 'campaign', 'Campaign Name', NULL, '2015-02-12 18:33:07'),
(28, 1, 'User', 'lmcsuper@logmycalls.com', 'edited', 'campaign', '?', '?', '2015-02-12 19:33:15'),
(29, 1, 'User', 'lmcsuper@logmycalls.com', 'edited', 'campaign', '?', '?', '2015-02-13 10:33:38'),
(30, 1, 'User', 'lmcsuper@logmycalls.com', 'added', 'call flow', '?', '?', '2015-02-13 10:45:09'),
(31, 1, 'User', 'lmcsuper@logmycalls.com', 'edited', 'campaign', '?', '?', '2015-02-13 10:45:09'),
(32, 1, 'User', 'lmcsuper@logmycalls.com', 'edited', 'campaign', '?', '?', '2015-02-13 10:57:26'),
(33, 1, 'User', 'lmcsuper@logmycalls.com', 'added', 'call flow', '?', '?', '2015-02-13 10:57:27'),
(34, 1, 'User', 'lmcsuper@logmycalls.com', 'edited', 'campaign', '?', '?', '2015-02-13 10:59:19'),
(35, 1, 'User', 'lmcsuper@logmycalls.com', 'added', 'call flow', '?', '?', '2015-02-13 10:59:19'),
(36, 1, 'User', 'lmcsuper@logmycalls.com', 'edited', 'campaign', '?', '?', '2015-02-13 11:02:03'),
(37, 1, 'User', 'lmcsuper@logmycalls.com', 'added', 'call flow', '?', '?', '2015-02-13 11:02:03'),
(38, 1, 'User', 'lmcsuper@logmycalls.com', 'edited', 'campaign', '?', '?', '2015-02-13 11:06:45'),
(39, 1, 'User', 'lmcsuper@logmycalls.com', 'added', 'call flow', '?', '?', '2015-02-13 11:06:45'),
(40, 1, 'User', 'lmcsuper@logmycalls.com', 'edited', 'campaign', '?', '?', '2015-02-13 11:08:05'),
(41, 1, 'User', 'lmcsuper@logmycalls.com', 'added', 'call flow', '?', '?', '2015-02-13 11:08:05'),
(42, 1, 'User', 'lmcsuper@logmycalls.com', 'added', 'call flow', '?', '?', '2015-02-13 11:16:51'),
(43, 1, 'User', 'lmcsuper@logmycalls.com', 'edited', 'campaign', '?', '?', '2015-02-13 11:16:51'),
(44, 1, 'User', 'lmcsuper@logmycalls.com', 'added', 'call flow', '?', '?', '2015-02-13 11:18:10'),
(45, 1, 'User', 'lmcsuper@logmycalls.com', 'edited', 'campaign', '?', '?', '2015-02-13 11:18:10'),
(46, 1, 'User', 'lmcsuper@logmycalls.com', 'Login', NULL, NULL, NULL, '2015-02-13 10:50:35'),
(47, 1, 'User', 'lmcsuper@logmycalls.com', 'Login', NULL, NULL, NULL, '2015-02-13 11:10:25'),
(48, 1, 'User', 'lmcsuper@logmycalls.com', 'Login', NULL, NULL, NULL, '2015-02-13 11:16:52'),
(49, 35, 'orgUnit', NULL, 'added', 'orgUnit', 'Top Agency Test 2', NULL, '2015-02-13 11:51:50'),
(50, 1, 'User', 'lmcsuper@logmycalls.com', 'Login', NULL, NULL, NULL, '2015-02-13 11:52:24'),
(51, 1, 'User', 'lmcsuper@logmycalls.com', 'Login', NULL, NULL, NULL, '2015-02-17 09:00:53'),
(52, 1, 'User', 'lmcsuper@logmycalls.com', 'Login', NULL, NULL, NULL, '2015-02-17 16:06:39'),
(53, 1, 'User', 'lmcsuper@logmycalls.com', 'Login', NULL, NULL, NULL, '2015-02-17 09:10:18'),
(54, 1, 'User', 'lmcsuper@logmycalls.com', 'Login', NULL, NULL, NULL, '2015-02-17 16:12:20'),
(55, 1, 'User', 'lmcsuper@logmycalls.com', 'Login', NULL, NULL, NULL, '2015-02-17 16:18:29'),
(56, 1, 'User', 'lmcsuper@logmycalls.com', 'Login', NULL, NULL, NULL, '2015-02-17 16:37:45'),
(57, 1, 'User', 'lmcsuper@logmycalls.com', 'Login', NULL, NULL, NULL, '2015-02-17 09:38:06'),
(58, 1, 'User', 'lmcsuper@logmycalls.com', 'Login', NULL, NULL, NULL, '2015-02-17 16:42:43'),
(59, 6, 'orgUnit', NULL, 'added', 'orgUnit', '6', NULL, '2015-02-17 09:43:27'),
(60, 6, 'orgUnit', NULL, 'added', 'orgUnit', '6', NULL, '2015-02-17 09:43:41'),
(61, 6, 'orgUnit', NULL, 'added', 'orgUnit', '6', NULL, '2015-02-17 09:44:00'),
(62, 1, 'User', 'lmcsuper@logmycalls.com', 'Login', NULL, NULL, NULL, '2015-02-17 09:45:50'),
(63, 36, 'orgUnit', NULL, 'added', 'orgUnit', 'Aaron org unit test 1', NULL, '2015-02-17 09:46:11'),
(64, 1, 'User', 'lmcsuper@logmycalls.com', 'Login', NULL, NULL, NULL, '2015-02-17 10:52:48'),
(65, 1, 'User', 'lmcsuper@logmycalls.com', 'Login', NULL, NULL, NULL, '2015-02-17 18:14:46'),
(66, 1, 'User', NULL, 'added', 'user', 'aeardley2@gmail.com', NULL, '2015-02-17 12:14:34'),
(67, 1, 'User', 'lmcsuper@logmycalls.com', 'Login', NULL, NULL, NULL, '2015-02-17 12:25:02'),
(68, 1, 'User', 'lmcsuper@logmycalls.com', 'Login', NULL, NULL, NULL, '2015-02-17 12:25:07'),
(69, 1, 'User', 'lmcsuper@logmycalls.com', 'Login', NULL, NULL, NULL, '2015-02-17 12:25:10'),
(70, 1, 'User', 'lmcsuper@logmycalls.com', 'Login', NULL, NULL, NULL, '2015-02-17 12:28:46'),
(71, 1, 'User', 'lmcsuper@logmycalls.com', 'Login', NULL, NULL, NULL, '2015-02-17 19:29:28'),
(72, 1, 'User', 'lmcsuper@logmycalls.com', 'Login', NULL, NULL, NULL, '2015-02-17 19:31:21'),
(73, 1, 'User', 'lmcsuper@logmycalls.com', 'Login', NULL, NULL, NULL, '2015-02-17 19:59:11'),
(74, 1, 'User', 'lmcsuper@logmycalls.com', 'Login', NULL, NULL, NULL, '2015-02-17 20:01:29'),
(75, 1, 'User', 'lmcsuper@logmycalls.com', 'Login', NULL, NULL, NULL, '2015-02-17 20:13:52'),
(76, 1, 'User', 'lmcsuper@logmycalls.com', 'Login', NULL, NULL, NULL, '2015-02-17 20:17:20'),
(77, 1, 'User', 'lmcsuper@logmycalls.com', 'Login', NULL, NULL, NULL, '2015-02-17 20:24:25'),
(78, 1, 'User', 'lmcsuper@logmycalls.com', 'Login', NULL, NULL, NULL, '2015-02-17 20:28:20'),
(79, 1, 'User', 'lmcsuper@logmycalls.com', 'Login', NULL, NULL, NULL, '2015-02-17 20:57:16'),
(80, 1, 'User', 'lmcsuper@logmycalls.com', 'Login', NULL, NULL, NULL, '2015-02-17 20:59:11'),
(81, 1, 'User', 'lmcsuper@logmycalls.com', 'Login', NULL, NULL, NULL, '2015-02-17 21:29:23'),
(82, 1, 'User', 'lmcsuper@logmycalls.com', 'Login', NULL, NULL, NULL, '2015-02-17 22:04:45'),
(83, 1, 'User', 'lmcsuper@logmycalls.com', 'Login', NULL, NULL, NULL, '2015-02-17 22:10:40'),
(84, 1, 'User', 'lmcsuper@logmycalls.com', 'Login', NULL, NULL, NULL, '2015-02-17 22:16:47'),
(85, 1, 'User', 'lmcsuper@logmycalls.com', 'Login', NULL, NULL, NULL, '2015-02-17 22:17:17'),
(86, 38, 'orgUnit', NULL, 'added', 'orgUnit', 'Aaron top level org test 2', NULL, '2015-02-17 16:03:04'),
(87, 39, 'orgUnit', NULL, 'added', 'orgUnit', 'Aaron top level org test 3', NULL, '2015-02-17 16:09:40'),
(88, 39, 'orgUnit', NULL, 'added', 'orgUnit', 'Aaron top level org test 3', NULL, '2015-02-17 16:09:40'),
(89, 40, 'orgUnit', NULL, 'added', 'orgUnit', 'Aaron top level org test 4', NULL, '2015-02-17 16:12:22'),
(90, 1, 'User', 'lmcsuper@logmycalls.com', 'Login', NULL, NULL, NULL, '2015-02-17 23:21:43'),
(91, 1, 'User', 'lmcsuper@logmycalls.com', 'Login', NULL, NULL, NULL, '2015-02-17 22:30:19'),
(92, 1, 'User', 'lmcsuper@logmycalls.com', 'added', 'campaign', 'Campaign Name', NULL, '2015-02-17 22:41:13'),
(93, 1, 'User', 'lmcsuper@logmycalls.com', 'Login', NULL, NULL, NULL, '2015-02-17 22:44:30'),
(94, 1, 'User', 'lmcsuper@logmycalls.com', 'Login', NULL, NULL, NULL, '2015-02-17 22:47:02'),
(95, 1, 'User', 'lmcsuper@logmycalls.com', 'Login', NULL, NULL, NULL, '2015-02-17 22:48:50'),
(96, 1, 'User', 'lmcsuper@logmycalls.com', 'added', 'campaign', 'Campaign Name', NULL, '2015-02-17 22:49:38'),
(97, 49, 'orgUnit', NULL, 'added', 'orgUnit', 'Aaron second level org test', NULL, '2015-02-17 16:54:10'),
(98, 1, 'User', 'lmcsuper@logmycalls.com', 'added', 'campaign', 'Campaign Name', NULL, '2015-02-17 22:52:37'),
(99, 52, 'orgUnit', NULL, 'added', 'orgUnit', 'Aaron second level org test', NULL, '2015-02-17 16:58:19'),
(100, 1, 'User', 'lmcsuper@logmycalls.com', 'added', 'campaign', 'Campaign Name', NULL, '2015-02-17 22:56:14'),
(101, 1, 'User', 'lmcsuper@logmycalls.com', 'added', 'campaign', 'Campaign Name', NULL, '2015-02-17 22:57:43'),
(102, 1, 'User', 'lmcsuper@logmycalls.com', 'Login', NULL, NULL, NULL, '2015-02-18 00:00:46'),
(103, 1, 'User', 'lmcsuper@logmycalls.com', 'added', 'campaign', 'Campaign Name', NULL, '2015-02-17 22:59:10'),
(104, 57, 'orgUnit', NULL, 'added', 'orgUnit', 'Aaron second level org test', NULL, '2015-02-17 17:06:21'),
(105, 1, 'User', 'lmcsuper@logmycalls.com', 'Login', NULL, NULL, NULL, '2015-02-18 00:25:32'),
(106, 1, 'User', 'lmcsuper@logmycalls.com', 'Login', NULL, NULL, NULL, '2015-02-18 00:27:01'),
(107, 1, 'User', 'lmcsuper@logmycalls.com', 'Login', NULL, NULL, NULL, '2015-02-18 00:30:48'),
(108, 1, 'User', 'lmcsuper@logmycalls.com', 'Login', NULL, NULL, NULL, '2015-02-18 00:31:52'),
(109, 1, 'User', 'lmcsuper@logmycalls.com', 'Login', NULL, NULL, NULL, '2015-02-18 00:32:32'),
(110, 1, 'User', 'lmcsuper@logmycalls.com', 'Login', NULL, NULL, NULL, '2015-02-18 01:28:39'),
(111, 1, 'User', 'lmcsuper@logmycalls.com', 'Login', NULL, NULL, NULL, '2015-02-18 02:26:41'),
(112, 1, 'User', 'lmcsuper@logmycalls.com', 'Login', NULL, NULL, NULL, '2015-02-18 14:19:30'),
(113, 1, 'User', 'lmcsuper@logmycalls.com', 'added', 'campaign', 'Campaign Name', NULL, '2015-02-17 23:16:31'),
(114, 1, 'User', 'lmcsuper@logmycalls.com', 'added', 'campaign', 'Campaign Name', NULL, '2015-02-17 23:17:54'),
(115, 1, 'User', 'lmcsuper@logmycalls.com', 'added', 'campaign', 'Campaign Name', NULL, '2015-02-17 23:23:55'),
(116, 58, 'orgUnit', NULL, 'added', 'orgUnit', 'Aaron second level org test', NULL, '2015-02-18 08:15:07'),
(117, 59, 'orgUnit', NULL, 'added', 'orgUnit', 'Aaron second level org test', NULL, '2015-02-18 08:15:24'),
(118, 64, 'orgUnit', NULL, 'added', 'orgUnit', 'Aaron second level org test', NULL, '2015-02-18 08:24:30'),
(119, 65, 'orgUnit', NULL, 'added', 'orgUnit', 'Aaron second level org test', NULL, '2015-02-18 08:30:22'),
(120, 66, 'orgUnit', NULL, 'added', 'orgUnit', 'Aaron second level org test', NULL, '2015-02-18 08:30:40'),
(121, 67, 'orgUnit', NULL, 'added', 'orgUnit', 'Aaron second level org test', NULL, '2015-02-18 08:30:53'),
(122, 1, 'User', 'lmcsuper@logmycalls.com', 'Login', NULL, NULL, NULL, '2015-02-18 15:32:22'),
(123, 1, 'User', 'lmcsuper@logmycalls.com', 'Login', NULL, NULL, NULL, '2015-02-18 15:33:13'),
(124, 1, 'User', 'lmcsuper@logmycalls.com', 'Login', NULL, NULL, NULL, '2015-02-18 15:35:13'),
(125, 1, 'User', 'lmcsuper@logmycalls.com', 'Login', NULL, NULL, NULL, '2015-02-18 08:40:46'),
(126, 64, 'orgUnit', NULL, 'added', 'orgUnit', '64', NULL, '2015-02-18 08:42:17'),
(127, 64, 'orgUnit', NULL, 'added', 'orgUnit', '64', NULL, '2015-02-18 08:42:37'),
(128, 64, 'orgUnit', NULL, 'added', 'orgUnit', '64', NULL, '2015-02-18 08:43:01'),
(129, 64, 'orgUnit', NULL, 'added', 'orgUnit', '64', NULL, '2015-02-18 08:43:17'),
(130, 1, 'User', 'lmcsuper@logmycalls.com', 'added', 'campaign', 'Campaign Name', NULL, '2015-02-17 23:59:32'),
(131, 1, 'User', 'lmcsuper@logmycalls.com', 'Login', NULL, NULL, NULL, '2015-02-18 15:48:55'),
(132, 1, 'User', 'lmcsuper@logmycalls.com', 'added', 'campaign', 'Campaign Name', NULL, '2015-02-18 00:02:08'),
(133, 1, 'User', 'lmcsuper@logmycalls.com', 'Login', NULL, NULL, NULL, '2015-02-18 15:50:59'),
(134, 1, 'User', 'lmcsuper@logmycalls.com', 'Login', NULL, NULL, NULL, '2015-02-18 15:53:53'),
(135, 1, 'User', 'lmcsuper@logmycalls.com', 'Login', NULL, NULL, NULL, '2015-02-18 00:09:16'),
(136, 1, 'User', 'lmcsuper@logmycalls.com', 'Login', NULL, NULL, NULL, '2015-02-18 00:16:46'),
(137, 1, 'User', 'lmcsuper@logmycalls.com', 'Login', NULL, NULL, NULL, '2015-02-18 16:19:20'),
(138, 1, 'User', 'lmcsuper@logmycalls.com', 'Login', NULL, NULL, NULL, '2015-02-18 16:19:57'),
(139, 1, 'User', 'lmcsuper@logmycalls.com', 'added', 'campaign', 'Campaign Name', NULL, '2015-02-18 00:48:04'),
(140, 1, 'User', 'lmcsuper@logmycalls.com', 'Login', NULL, NULL, NULL, '2015-02-18 16:40:08'),
(141, 1, 'User', 'lmcsuper@logmycalls.com', 'Login', NULL, NULL, NULL, '2015-02-18 09:52:48'),
(142, 1, 'User', 'lmcsuper@logmycalls.com', 'Login', NULL, NULL, NULL, '2015-02-18 16:54:41'),
(143, 1, 'User', 'lmcsuper@logmycalls.com', 'Login', NULL, NULL, NULL, '2015-02-18 01:25:54'),
(144, 1, 'User', 'lmcsuper@logmycalls.com', 'edited', 'campaign', '?', '?', '2015-02-18 01:27:01'),
(145, 1, 'User', 'lmcsuper@logmycalls.com', 'edited', 'campaign', '?', '?', '2015-02-18 01:30:00'),
(146, 1, 'User', 'lmcsuper@logmycalls.com', 'added', 'call flow', '?', '?', '2015-02-18 01:31:47'),
(147, 1, 'User', 'lmcsuper@logmycalls.com', 'edited', 'campaign', '?', '?', '2015-02-18 01:31:47'),
(148, 1, 'User', 'lmcsuper@logmycalls.com', 'Login', NULL, NULL, NULL, '2015-02-18 17:33:44'),
(149, 1, 'User', 'lmcsuper@logmycalls.com', 'Login', NULL, NULL, NULL, '2015-02-18 17:38:23'),
(150, 1, 'User', 'lmcsuper@logmycalls.com', 'Login', NULL, NULL, NULL, '2015-02-18 17:38:24'),
(151, 1, 'User', 'lmcsuper@logmycalls.com', 'Login', NULL, NULL, NULL, '2015-02-18 17:39:59'),
(152, 1, 'User', 'lmcsuper@logmycalls.com', 'Login', NULL, NULL, NULL, '2015-02-18 17:41:39'),
(153, 1, 'User', 'lmcsuper@logmycalls.com', 'edited', 'campaign', '?', '?', '2015-02-18 02:00:46'),
(154, 1, 'User', 'lmcsuper@logmycalls.com', 'added', 'call flow', '?', '?', '2015-02-18 02:00:46'),
(155, 1, 'User', 'lmcsuper@logmycalls.com', 'Login', NULL, NULL, NULL, '2015-02-18 17:47:43'),
(156, 1, 'User', 'lmcsuper@logmycalls.com', 'Login', NULL, NULL, NULL, '2015-02-18 18:01:40'),
(157, 1, 'User', 'lmcsuper@logmycalls.com', 'Login', NULL, NULL, NULL, '2015-02-18 18:05:00'),
(158, 1, 'User', 'lmcsuper@logmycalls.com', 'Login', NULL, NULL, NULL, '2015-02-18 02:25:03'),
(159, 1, 'User', 'lmcsuper@logmycalls.com', 'Login', NULL, NULL, NULL, '2015-02-18 18:28:51'),
(160, 1, 'User', 'lmcsuper@logmycalls.com', 'Login', NULL, NULL, NULL, '2015-02-18 19:04:29'),
(161, 1, 'User', 'lmcsuper@logmycalls.com', 'edited', 'campaign', '?', '?', '2015-02-18 03:21:45'),
(162, 1, 'User', 'lmcsuper@logmycalls.com', 'added', 'call flow', '?', '?', '2015-02-18 03:21:50'),
(163, 1, 'User', 'lmcsuper@logmycalls.com', 'edited', 'campaign', '?', '?', '2015-02-18 03:27:16'),
(164, 1, 'User', 'lmcsuper@logmycalls.com', 'added', 'call flow', '?', '?', '2015-02-18 03:27:16'),
(165, 1, 'User', 'lmcsuper@logmycalls.com', 'edited', 'campaign', '?', '?', '2015-02-18 03:31:57'),
(166, 1, 'User', 'lmcsuper@logmycalls.com', 'added', 'call flow', '?', '?', '2015-02-18 03:31:57'),
(167, 1, 'User', 'lmcsuper@logmycalls.com', 'edited', 'campaign', '?', '?', '2015-02-18 03:33:58'),
(168, 1, 'User', 'lmcsuper@logmycalls.com', 'added', 'call flow', '?', '?', '2015-02-18 03:33:58'),
(169, 1, 'User', 'lmcsuper@logmycalls.com', 'edited', 'campaign', '?', '?', '2015-02-18 03:40:21'),
(170, 1, 'User', 'lmcsuper@logmycalls.com', 'added', 'call flow', '?', '?', '2015-02-18 03:40:21'),
(171, 1, 'User', 'lmcsuper@logmycalls.com', 'added', 'call flow', '?', '?', '2015-02-18 03:44:19'),
(172, 1, 'User', 'lmcsuper@logmycalls.com', 'edited', 'campaign', '?', '?', '2015-02-18 03:44:19'),
(173, 1, 'User', 'lmcsuper@logmycalls.com', 'added', 'call flow', '?', '?', '2015-02-18 03:45:40'),
(174, 1, 'User', 'lmcsuper@logmycalls.com', 'edited', 'campaign', '?', '?', '2015-02-18 03:45:40'),
(175, 1, 'User', 'lmcsuper@logmycalls.com', 'added', 'call flow', '?', '?', '2015-02-18 03:47:19'),
(176, 1, 'User', 'lmcsuper@logmycalls.com', 'edited', 'campaign', '?', '?', '2015-02-18 03:47:19'),
(177, 1, 'User', 'lmcsuper@logmycalls.com', 'edited', 'campaign', '?', '?', '2015-02-18 03:51:17'),
(178, 1, 'User', 'lmcsuper@logmycalls.com', 'added', 'call flow', '?', '?', '2015-02-18 03:51:17'),
(179, 1, 'User', 'lmcsuper@logmycalls.com', 'added', 'call flow', '?', '?', '2015-02-18 03:56:17'),
(180, 1, 'User', 'lmcsuper@logmycalls.com', 'edited', 'campaign', '?', '?', '2015-02-18 03:56:17'),
(181, 1, 'User', 'lmcsuper@logmycalls.com', 'added', 'call flow', '?', '?', '2015-02-18 03:56:59'),
(182, 1, 'User', 'lmcsuper@logmycalls.com', 'edited', 'campaign', '?', '?', '2015-02-18 03:56:59'),
(183, 1, 'User', 'lmcsuper@logmycalls.com', 'edited', 'campaign', '?', '?', '2015-02-18 03:57:44'),
(184, 1, 'User', 'lmcsuper@logmycalls.com', 'added', 'call flow', '?', '?', '2015-02-18 03:57:44'),
(185, 1, 'User', 'lmcsuper@logmycalls.com', 'added', 'campaign', 'Campaign Name', NULL, '2015-02-18 04:03:10'),
(186, 1, 'User', 'lmcsuper@logmycalls.com', 'added', 'campaign', 'Campaign Name', NULL, '2015-02-18 04:03:52'),
(187, 1, 'User', 'lmcsuper@logmycalls.com', 'Login', NULL, NULL, NULL, '2015-02-18 20:34:34'),
(188, 1, 'User', 'lmcsuper@logmycalls.com', 'Login', NULL, NULL, NULL, '2015-02-18 13:48:21'),
(189, 1, 'User', 'lmcsuper@logmycalls.com', 'Login', NULL, NULL, NULL, '2015-02-18 13:58:30'),
(190, 1, 'User', 'lmcsuper@logmycalls.com', 'edited', 'campaign', '?', '?', '2015-02-18 04:44:33'),
(191, 1, 'User', 'lmcsuper@logmycalls.com', 'added', 'call flow', '?', '?', '2015-02-18 04:44:33'),
(192, 1, 'User', 'lmcsuper@logmycalls.com', 'edited', 'campaign', '?', '?', '2015-02-18 04:50:53'),
(193, 1, 'User', 'lmcsuper@logmycalls.com', 'added', 'call flow', '?', '?', '2015-02-18 04:50:53'),
(194, 1, 'User', 'lmcsuper@logmycalls.com', 'Login', NULL, NULL, NULL, '2015-02-18 21:08:14'),
(195, 1, 'User', 'lmcsuper@logmycalls.com', 'edited', 'campaign', '?', '?', '2015-02-18 04:52:40'),
(196, 1, 'User', 'lmcsuper@logmycalls.com', 'added', 'call flow', '?', '?', '2015-02-18 04:52:40'),
(197, 1, 'User', 'lmcsuper@logmycalls.com', 'edited', 'campaign', '?', '?', '2015-02-18 04:54:55'),
(198, 1, 'User', 'lmcsuper@logmycalls.com', 'added', 'call flow', '?', '?', '2015-02-18 04:54:55'),
(199, 1, 'User', 'lmcsuper@logmycalls.com', 'edited', 'campaign', '?', '?', '2015-02-18 05:00:34'),
(200, 1, 'User', 'lmcsuper@logmycalls.com', 'added', 'call flow', '?', '?', '2015-02-18 05:00:34'),
(201, 1, 'User', 'lmcsuper@logmycalls.com', 'edited', 'campaign', '?', '?', '2015-02-18 05:02:25'),
(202, 1, 'User', 'lmcsuper@logmycalls.com', 'added', 'call flow', '?', '?', '2015-02-18 05:02:25'),
(203, 1, 'User', 'lmcsuper@logmycalls.com', 'Login', NULL, NULL, NULL, '2015-02-18 21:18:11'),
(204, 1, 'User', 'lmcsuper@logmycalls.com', 'edited', 'campaign', '?', '?', '2015-02-18 05:04:59'),
(205, 1, 'User', 'lmcsuper@logmycalls.com', 'added', 'call flow', '?', '?', '2015-02-18 05:04:59'),
(206, 1, 'User', 'lmcsuper@logmycalls.com', 'edited', 'campaign', '?', '?', '2015-02-18 05:11:33'),
(207, 1, 'User', 'lmcsuper@logmycalls.com', 'added', 'call flow', '?', '?', '2015-02-18 05:11:33'),
(208, 1, 'User', 'lmcsuper@logmycalls.com', 'Login', NULL, NULL, NULL, '2015-02-18 21:35:04'),
(209, 1, 'User', 'lmcsuper@logmycalls.com', 'edited', 'campaign', '?', '?', '2015-02-18 05:22:06'),
(210, 1, 'User', 'lmcsuper@logmycalls.com', 'added', 'call flow', '?', '?', '2015-02-18 05:22:06'),
(211, 1, 'User', 'lmcsuper@logmycalls.com', 'Login', NULL, NULL, NULL, '2015-02-18 05:22:56'),
(212, 1, 'User', 'lmcsuper@logmycalls.com', 'Login', NULL, NULL, NULL, '2015-02-18 21:58:51'),
(213, 66, 'User', NULL, 'added', 'user', 'aeardley66@gmail.com', NULL, '2015-02-18 15:03:06'),
(214, 1, 'User', 'lmcsuper@logmycalls.com', 'Login', NULL, NULL, NULL, '2015-02-18 22:31:04'),
(215, 1, 'User', 'lmcsuper@logmycalls.com', 'Login', NULL, NULL, NULL, '2015-02-18 22:32:09'),
(216, 1, 'User', 'lmcsuper@logmycalls.com', 'Login', NULL, NULL, NULL, '2015-02-18 22:36:42'),
(217, 1, 'User', 'lmcsuper@logmycalls.com', 'Login', NULL, NULL, NULL, '2015-02-18 22:39:25'),
(218, 1, 'User', 'lmcsuper@logmycalls.com', 'edited', 'campaign', '?', '?', '2015-02-18 06:24:07'),
(219, 65, 'User', NULL, 'added', 'user', 'aeardley65@gmail.com', NULL, '2015-02-18 15:42:28'),
(220, 67, 'User', NULL, 'added', 'user', 'aeardley67@gmail.com', NULL, '2015-02-18 15:42:39'),
(221, 1, 'User', 'lmcsuper@logmycalls.com', 'edited', 'campaign', '?', '?', '2015-02-18 06:27:08'),
(222, 1, 'User', 'lmcsuper@logmycalls.com', 'edited', 'campaign', '?', '?', '2015-02-18 06:32:01'),
(223, 1, 'User', 'lmcsuper@logmycalls.com', 'Login', NULL, NULL, NULL, '2015-02-18 22:49:26'),
(224, 1, 'User', 'lmcsuper@logmycalls.com', 'edited', 'campaign', '?', '?', '2015-02-18 06:34:45'),
(225, 1, 'User', 'lmcsuper@logmycalls.com', 'added', 'campaign', 'CampXXIX', NULL, '2015-02-18 22:52:00'),
(226, 1, 'User', 'lmcsuper@logmycalls.com', 'Login', NULL, NULL, NULL, '2015-02-18 22:54:17'),
(227, 1, 'User', 'lmcsuper@logmycalls.com', 'edited', 'campaign', '?', '?', '2015-02-18 06:40:35'),
(228, 1, 'User', 'lmcsuper@logmycalls.com', 'edited', 'call flow', '?', '?', '2015-02-18 06:40:35'),
(229, 1, 'User', 'lmcsuper@logmycalls.com', 'edited', 'campaign', '?', '?', '2015-02-18 06:41:32'),
(230, 1, 'User', 'lmcsuper@logmycalls.com', 'edited', 'call flow', '?', '?', '2015-02-18 06:41:32'),
(231, 1, 'User', 'lmcsuper@logmycalls.com', 'edited', 'campaign', '?', '?', '2015-02-18 06:42:50'),
(232, 1, 'User', 'lmcsuper@logmycalls.com', 'edited', 'call flow', '?', '?', '2015-02-18 06:42:50'),
(233, 1, 'User', 'lmcsuper@logmycalls.com', 'edited', 'call flow', '?', '?', '2015-02-18 06:43:13'),
(234, 1, 'User', 'lmcsuper@logmycalls.com', 'edited', 'campaign', '?', '?', '2015-02-18 06:43:13'),
(235, 1, 'User', 'lmcsuper@logmycalls.com', 'Login', NULL, NULL, NULL, '2015-02-18 22:58:57'),
(236, 1, 'User', 'lmcsuper@logmycalls.com', 'Login', NULL, NULL, NULL, '2015-02-18 23:05:54'),
(237, 1, 'User', 'lmcsuper@logmycalls.com', 'Login', NULL, NULL, NULL, '2015-02-18 06:54:35'),
(238, 1, 'User', 'lmcsuper@logmycalls.com', 'Login', NULL, NULL, NULL, '2015-02-18 16:19:21'),
(239, 1, 'User', 'lmcsuper@logmycalls.com', 'Login', NULL, NULL, NULL, '2015-02-18 23:23:33'),
(240, 1, 'User', 'lmcsuper@logmycalls.com', 'edited', 'campaign', '?', '?', '2015-02-18 07:11:32'),
(241, 1, 'User', 'lmcsuper@logmycalls.com', 'edited', 'call flow', '?', '?', '2015-02-18 07:11:32'),
(242, 1, 'User', 'lmcsuper@logmycalls.com', 'edited', 'campaign', '?', '?', '2015-02-18 07:13:45'),
(243, 1, 'User', 'lmcsuper@logmycalls.com', 'edited', 'call flow', '?', '?', '2015-02-18 07:13:45'),
(244, 1, 'User', 'lmcsuper@logmycalls.com', 'edited', 'campaign', '?', '?', '2015-02-18 07:15:41'),
(245, 1, 'User', 'lmcsuper@logmycalls.com', 'edited', 'call flow', '?', '?', '2015-02-18 07:15:41'),
(246, 1, 'User', 'lmcsuper@logmycalls.com', 'edited', 'campaign', '?', '?', '2015-02-18 07:20:25'),
(247, 1, 'User', 'lmcsuper@logmycalls.com', 'edited', 'campaign', '?', '?', '2015-02-18 07:25:50'),
(248, 1, 'User', 'lmcsuper@logmycalls.com', 'edited', 'campaign', '?', '?', '2015-02-18 07:26:09'),
(249, 1, 'User', 'lmcsuper@logmycalls.com', 'added', 'campaign', 'Campaign Name', NULL, '2015-02-18 07:27:44'),
(250, 1, 'User', 'lmcsuper@logmycalls.com', 'added', 'campaign', 'Campaign Name', NULL, '2015-02-18 07:28:22'),
(251, 1, 'User', 'lmcsuper@logmycalls.com', 'added', 'campaign', 'Campaign Name', NULL, '2015-02-18 07:28:58'),
(252, 1, 'User', 'lmcsuper@logmycalls.com', 'added', 'campaign', 'Campaign Name', NULL, '2015-02-18 07:29:13'),
(253, 1, 'User', 'lmcsuper@logmycalls.com', 'Login', NULL, NULL, NULL, '2015-02-18 23:48:03'),
(254, 1, 'User', 'lmcsuper@logmycalls.com', 'added', 'campaign', 'Campaign Name', NULL, '2015-02-18 07:44:02'),
(255, 1, 'User', 'lmcsuper@logmycalls.com', 'added', 'campaign', 'Campaign Name', NULL, '2015-02-18 07:44:49'),
(256, 1, 'User', 'lmcsuper@logmycalls.com', 'added', 'campaign', 'Campaign Name', NULL, '2015-02-18 07:46:25'),
(257, 1, 'User', 'lmcsuper@logmycalls.com', 'added', 'campaign', 'Campaign Name', NULL, '2015-02-18 07:46:42'),
(258, 1, 'User', 'lmcsuper@logmycalls.com', 'edited', 'campaign', '?', '?', '2015-02-18 07:47:08'),
(259, 1, 'User', 'lmcsuper@logmycalls.com', 'edited', 'call flow', '?', '?', '2015-02-18 07:47:08'),
(260, 1, 'User', 'lmcsuper@logmycalls.com', 'edited', 'campaign', '?', '?', '2015-02-18 07:47:18'),
(261, 1, 'User', 'lmcsuper@logmycalls.com', 'edited', 'call flow', '?', '?', '2015-02-18 07:47:18'),
(262, 1, 'User', 'lmcsuper@logmycalls.com', 'edited', 'call flow', '?', '?', '2015-02-18 07:47:23'),
(263, 1, 'User', 'lmcsuper@logmycalls.com', 'edited', 'campaign', '?', '?', '2015-02-18 07:47:23'),
(264, 1, 'User', 'lmcsuper@logmycalls.com', 'Login', NULL, NULL, NULL, '2015-02-19 00:16:43'),
(265, 1, 'User', 'lmcsuper@logmycalls.com', 'Login', NULL, NULL, NULL, '2015-02-19 00:18:01'),
(266, 1, 'User', 'lmcsuper@logmycalls.com', 'Login', NULL, NULL, NULL, '2015-02-19 04:48:23'),
(267, 1, 'User', 'lmcsuper@logmycalls.com', 'Login', NULL, NULL, NULL, '2015-02-19 05:45:57'),
(268, 1, 'User', 'lmcsuper@logmycalls.com', 'Login', NULL, NULL, NULL, '2015-02-19 14:30:18'),
(269, 1, 'User', 'lmcsuper@logmycalls.com', 'edited', 'campaign', '?', '?', '2015-02-18 07:52:19'),
(270, 1, 'User', 'lmcsuper@logmycalls.com', 'edited', 'call flow', '?', '?', '2015-02-18 07:52:19'),
(271, 1, 'User', 'lmcsuper@logmycalls.com', 'edited', 'campaign', '?', '?', '2015-02-18 07:53:08'),
(272, 1, 'User', 'lmcsuper@logmycalls.com', 'edited', 'call flow', '?', '?', '2015-02-18 07:53:08'),
(273, 1, 'User', 'lmcsuper@logmycalls.com', 'edited', 'campaign', '?', '?', '2015-02-18 07:53:24'),
(274, 1, 'User', 'lmcsuper@logmycalls.com', 'edited', 'call flow', '?', '?', '2015-02-18 07:53:24'),
(275, 1, 'User', 'lmcsuper@logmycalls.com', 'edited', 'campaign', '?', '?', '2015-02-18 07:53:55'),
(276, 1, 'User', 'lmcsuper@logmycalls.com', 'edited', 'call flow', '?', '?', '2015-02-18 07:53:55'),
(277, 1, 'User', 'lmcsuper@logmycalls.com', 'edited', 'campaign', '?', '?', '2015-02-18 07:59:18'),
(278, 1, 'User', 'lmcsuper@logmycalls.com', 'edited', 'call flow', '?', '?', '2015-02-18 07:59:18'),
(279, 1, 'User', 'lmcsuper@logmycalls.com', 'edited', 'call flow', '?', '?', '2015-02-18 08:07:03'),
(280, 1, 'User', 'lmcsuper@logmycalls.com', 'edited', 'campaign', '?', '?', '2015-02-18 08:07:03'),
(281, 1, 'User', 'lmcsuper@logmycalls.com', 'added', 'campaign', 'Campaign Name', NULL, '2015-02-18 08:10:44'),
(282, 1, 'User', 'lmcsuper@logmycalls.com', 'added', 'campaign', 'Campaign Name', NULL, '2015-02-18 08:11:04'),
(283, 1, 'User', 'lmcsuper@logmycalls.com', 'added', 'campaign', 'Campaign Name', NULL, '2015-02-18 08:12:27'),
(284, 1, 'User', 'lmcsuper@logmycalls.com', 'added', 'campaign', 'Campaign Name', NULL, '2015-02-18 08:13:01'),
(285, 1, 'User', 'lmcsuper@logmycalls.com', 'added', 'campaign', 'Campaign Name', NULL, '2015-02-18 08:13:16'),
(286, 1, 'User', 'lmcsuper@logmycalls.com', 'edited', 'campaign', '?', '?', '2015-02-18 08:20:52'),
(287, 1, 'User', 'lmcsuper@logmycalls.com', 'edited', 'call flow', '?', '?', '2015-02-18 08:20:52'),
(288, 1, 'User', 'lmcsuper@logmycalls.com', 'edited', 'campaign', '?', '?', '2015-02-18 08:21:30'),
(289, 1, 'User', 'lmcsuper@logmycalls.com', 'edited', 'call flow', '?', '?', '2015-02-18 08:21:30'),
(290, 1, 'User', 'lmcsuper@logmycalls.com', 'edited', 'campaign', '?', '?', '2015-02-18 08:22:05'),
(291, 1, 'User', 'lmcsuper@logmycalls.com', 'edited', 'call flow', '?', '?', '2015-02-18 08:22:05'),
(292, 1, 'User', 'lmcsuper@logmycalls.com', 'added', 'campaign', 'Rany01', NULL, '2015-02-18 08:25:09'),
(293, 1, 'User', 'lmcsuper@logmycalls.com', 'Login', NULL, NULL, NULL, '2015-02-19 15:42:47'),
(294, 1, 'User', 'lmcsuper@logmycalls.com', 'edited', 'campaign', '?', '?', '2015-02-18 08:39:06'),
(295, 1, 'User', 'lmcsuper@logmycalls.com', 'edited', 'campaign', '?', '?', '2015-02-18 08:39:34'),
(296, 1, 'User', 'lmcsuper@logmycalls.com', 'edited', 'campaign', '?', '?', '2015-02-18 08:39:38'),
(297, 1, 'User', 'lmcsuper@logmycalls.com', 'edited', 'campaign', '?', '?', '2015-02-19 15:48:17'),
(298, 1, 'User', 'lmcsuper@logmycalls.com', 'edited', 'campaign', '?', '?', '2015-02-19 15:48:29'),
(299, 1, 'User', 'lmcsuper@logmycalls.com', 'edited', 'campaign', '?', '?', '2015-02-19 15:54:04'),
(300, 1, 'User', 'lmcsuper@logmycalls.com', 'Login', NULL, NULL, NULL, '2015-02-18 08:45:54'),
(301, 1, 'User', 'lmcsuper@logmycalls.com', 'Login', NULL, NULL, NULL, '2015-02-19 15:54:41'),
(302, 1, 'User', 'lmcsuper@logmycalls.com', 'Login', NULL, NULL, NULL, '2015-02-19 16:10:26'),
(303, 1, 'User', 'lmcsuper@logmycalls.com', 'Login', NULL, NULL, NULL, '2015-02-19 16:11:46'),
(304, 1, 'User', 'lmcsuper@logmycalls.com', 'Login', NULL, NULL, NULL, '2015-02-19 16:15:09'),
(305, 1, 'User', 'lmcsuper@logmycalls.com', 'Login', NULL, NULL, NULL, '2015-02-19 09:20:36'),
(306, 1, 'User', 'lmcsuper@logmycalls.com', 'Login', NULL, NULL, NULL, '2015-02-19 16:26:04'),
(307, 1, 'User', NULL, 'added', 'user', 'aeardley3@gmail.com', NULL, '2015-02-19 09:27:37'),
(308, 1, 'User', 'aeardley3@gmail.com', 'Login', NULL, NULL, NULL, '2015-02-19 09:28:35'),
(309, 1, 'User', 'lmcsuper@logmycalls.com', 'Login', NULL, NULL, NULL, '2015-02-18 09:22:58'),
(310, 1, 'User', 'lmcsuper@logmycalls.com', 'Login', NULL, NULL, NULL, '2015-02-18 09:23:43'),
(311, 1, 'User', 'lmcsuper@logmycalls.com', 'Login', NULL, NULL, NULL, '2015-02-18 09:25:31'),
(312, 1, 'User', 'lmcsuper@logmycalls.com', 'Login', NULL, NULL, NULL, '2015-02-19 16:38:32'),
(313, 1, 'User', 'lmcsuper@logmycalls.com', 'edited', 'campaign', '?', '?', '2015-02-19 16:40:12'),
(314, 1, 'User', 'lmcsuper@logmycalls.com', 'edited', 'call flow', '?', '?', '2015-02-19 16:40:12'),
(315, 1, 'User', 'lmcsuper@logmycalls.com', 'Login', NULL, NULL, NULL, '2015-02-19 16:43:22'),
(316, 1, 'User', 'lmcsuper@logmycalls.com', 'Login', NULL, NULL, NULL, '2015-02-19 16:59:14'),
(317, 1, 'User', 'lmcsuper@logmycalls.com', 'Login', NULL, NULL, NULL, '2015-02-19 17:00:37'),
(318, 1, 'User', 'lmcsuper@logmycalls.com', 'added', 'campaign', 'OUwUSer', NULL, '2015-02-19 17:11:30'),
(319, 1, 'User', 'lmcsuper@logmycalls.com', 'added', 'campaign', 'CCC', NULL, '2015-02-19 17:12:36'),
(320, 1, 'User', 'lmcsuper@logmycalls.com', 'Login', NULL, NULL, NULL, '2015-02-19 17:14:53'),
(321, 1, 'User', 'lmcsuper@logmycalls.com', 'added', 'campaign', 'DoWap', NULL, '2015-02-19 17:18:11'),
(322, 1, 'User', 'lmcsuper@logmycalls.com', 'Login', NULL, NULL, NULL, '2015-02-19 17:25:10'),
(323, 1, 'User', 'lmcsuper@logmycalls.com', 'Login', NULL, NULL, NULL, '2015-02-19 17:27:50'),
(324, 1, 'User', 'aeardley3@gmail.com', 'Login', NULL, NULL, NULL, '2015-02-19 10:29:25'),
(325, 1, 'User', 'lmcsuper@logmycalls.com', 'Login', NULL, NULL, NULL, '2015-02-19 17:29:46'),
(326, 1, 'User', 'lmcsuper@logmycalls.com', 'Login', NULL, NULL, NULL, '2015-02-19 17:45:51'),
(327, 1, 'User', 'lmcsuper@logmycalls.com', 'added', 'campaign', 'Randy 22', NULL, '2015-02-19 17:54:31'),
(328, 1, 'User', 'lmcsuper@logmycalls.com', 'edited', 'campaign', '?', '?', '2015-02-19 17:55:02'),
(329, 1, 'User', 'lmcsuper@logmycalls.com', 'edited', 'campaign', '?', '?', '2015-02-19 17:55:21'),
(330, 1, 'User', 'lmcsuper@logmycalls.com', 'added', 'campaign', 'RandyLOngone', NULL, '2015-02-19 17:56:47'),
(331, 1, 'User', 'lmcsuper@logmycalls.com', 'added', 'campaign', 'BIllLong', NULL, '2015-02-19 17:57:44'),
(332, 1, 'User', 'lmcsuper@logmycalls.com', 'added', 'campaign', 'BillLOngwusers', NULL, '2015-02-19 17:58:50'),
(333, 1, 'User', 'lmcsuper@logmycalls.com', 'added', 'campaign', 'Anotherlongwuser', NULL, '2015-02-19 18:02:36'),
(334, 1, 'User', 'lmcsuper@logmycalls.com', 'Login', NULL, NULL, NULL, '2015-02-19 18:05:49'),
(335, 1, 'User', 'lmcsuper@logmycalls.com', 'Login', NULL, NULL, NULL, '2015-02-19 18:08:03'),
(336, 1, 'User', 'lmcsuper@logmycalls.com', 'Login', NULL, NULL, NULL, '2015-02-19 18:08:10'),
(337, 1, 'User', 'lmcsuper@logmycalls.com', 'Login', NULL, NULL, NULL, '2015-02-18 11:01:23'),
(338, 2, 'orgUnit', NULL, 'added', 'orgUnit', '2', NULL, '2015-02-19 11:25:04'),
(339, 2, 'orgUnit', NULL, 'added', 'orgUnit', '2', NULL, '2015-02-19 18:27:11'),
(340, 2, 'orgUnit', NULL, 'added', 'orgUnit', '2', NULL, '2015-02-19 18:27:20'),
(341, 1, 'User', 'lmcsuper@logmycalls.com', 'Login', NULL, NULL, NULL, '2015-02-19 18:30:28'),
(342, 1, 'User', 'lmcsuper@logmycalls.com', 'added', 'campaign', 'test1', NULL, '2015-02-19 18:33:43'),
(343, 1, 'User', 'lmcsuper@logmycalls.com', 'Login', NULL, NULL, NULL, '2015-02-19 18:41:13'),
(344, 1, 'User', 'lmcsuper@logmycalls.com', 'added', 'campaign', 'New Campaign33', NULL, '2015-02-19 18:42:35'),
(345, 1, 'User', 'lmcsuper@logmycalls.com', 'Login', NULL, NULL, NULL, '2015-02-19 18:44:18'),
(346, 1, 'User', 'lmcsuper@logmycalls.com', 'Login', NULL, NULL, NULL, '2015-02-19 18:45:02'),
(347, 1, 'User', 'lmcsuper@logmycalls.com', 'Login', NULL, NULL, NULL, '2015-02-19 18:47:17'),
(348, 1, 'User', 'lmcsuper@logmycalls.com', 'Login', NULL, NULL, NULL, '2015-02-19 18:53:22'),
(349, 1, 'User', 'lmcsuper@logmycalls.com', 'Login', NULL, NULL, NULL, '2015-02-19 18:55:38'),
(350, 1, 'User', 'lmcsuper@logmycalls.com', 'added', 'campaign', 't1', NULL, '2015-02-19 19:00:17'),
(351, 1, 'User', 'lmcsuper@logmycalls.com', 'Login', NULL, NULL, NULL, '2015-02-19 19:00:22'),
(352, 1, 'User', 'lmcsuper@logmycalls.com', 'Login', NULL, NULL, NULL, '2015-02-20 00:39:26'),
(353, 1, 'User', 'lmcsuper@logmycalls.com', 'Login', NULL, NULL, NULL, '2015-02-19 19:12:41'),
(354, 1, 'User', 'lmcsuper@logmycalls.com', 'Login', NULL, NULL, NULL, '2015-02-19 19:32:22'),
(355, 1, 'User', 'lmcsuper@logmycalls.com', 'Login', NULL, NULL, NULL, '2015-02-19 19:32:49'),
(356, 1, 'User', 'lmcsuper@logmycalls.com', 'Login', NULL, NULL, NULL, '2015-02-19 19:35:04'),
(357, 1, 'User', 'lmcsuper@logmycalls.com', 'Login', NULL, NULL, NULL, '2015-02-19 19:35:41'),
(358, 1, 'User', 'lmcsuper@logmycalls.com', 'Login', NULL, NULL, NULL, '2015-02-19 19:37:33'),
(359, 1, 'User', 'lmcsuper@logmycalls.com', 'Login', NULL, NULL, NULL, '2015-02-19 19:38:33'),
(360, 1, 'User', 'lmcsuper@logmycalls.com', 'Login', NULL, NULL, NULL, '2015-02-19 19:39:46'),
(361, 1, 'User', 'lmcsuper@logmycalls.com', 'Login', NULL, NULL, NULL, '2015-02-19 19:51:57'),
(362, 1, 'User', 'lmcsuper@logmycalls.com', 'Login', NULL, NULL, NULL, '2015-02-19 19:52:39'),
(363, 1, 'User', 'lmcsuper@logmycalls.com', 'Login', NULL, NULL, NULL, '2015-02-19 19:53:26'),
(364, 1, 'User', 'lmcsuper@logmycalls.com', 'Login', NULL, NULL, NULL, '2015-02-19 20:06:17'),
(365, 1, 'User', 'lmcsuper@logmycalls.com', 'Login', NULL, NULL, NULL, '2015-02-19 20:13:04'),
(366, 1, 'orgUnit', NULL, 'added', 'orgUnit', '1', NULL, '2015-02-19 20:13:54'),
(367, 1, 'User', 'lmcsuper@logmycalls.com', 'Login', NULL, NULL, NULL, '2015-02-19 20:14:10'),
(368, 1, 'User', 'lmcsuper@logmycalls.com', 'Login', NULL, NULL, NULL, '2015-02-19 20:16:41'),
(369, 1, 'User', 'lmcsuper@logmycalls.com', 'Login', NULL, NULL, NULL, '2015-02-19 20:16:59'),
(370, 1, 'User', 'lmcsuper@logmycalls.com', 'Login', NULL, NULL, NULL, '2015-02-19 20:17:40'),
(371, 1, 'User', 'lmcsuper@logmycalls.com', 'Login', NULL, NULL, NULL, '2015-02-19 20:18:30'),
(372, 1, 'User', 'lmcsuper@logmycalls.com', 'Login', NULL, NULL, NULL, '2015-02-19 20:18:43'),
(373, 1, 'User', 'aeardley3@gmail.com', 'Login', NULL, NULL, NULL, '2015-02-19 13:19:23'),
(374, 1, 'User', 'lmcsuper@logmycalls.com', 'Login', NULL, NULL, NULL, '2015-02-19 20:19:53'),
(375, 1, 'User', 'lmcsuper@logmycalls.com', 'Login', NULL, NULL, NULL, '2015-02-18 13:13:54'),
(376, 1, 'User', 'lmcsuper@logmycalls.com', 'Login', NULL, NULL, NULL, '2015-02-19 20:25:50'),
(377, 1, 'User', 'lmcsuper@logmycalls.com', 'Login', NULL, NULL, NULL, '2015-02-19 20:53:55'),
(378, 68, 'orgUnit', NULL, 'added', 'orgUnit', 'Smaller Insurance CO', NULL, '2015-02-19 20:55:06'),
(379, 1, 'User', 'lmcsuper@logmycalls.com', 'Login', NULL, NULL, NULL, '2015-02-19 14:00:27'),
(380, 69, 'orgUnit', NULL, 'added', 'orgUnit', 'Smaller Insurance CO', NULL, '2015-02-19 21:06:42'),
(381, 1, 'User', 'lmcsuper@logmycalls.com', 'Login', NULL, NULL, NULL, '2015-02-19 21:10:03'),
(382, 1, 'orgUnit', NULL, 'added', 'orgUnit', '1', NULL, '2015-02-19 21:10:25'),
(383, 8, 'User', 'lmcsuper@logmycalls.com', 'Login', NULL, NULL, NULL, '2015-02-19 21:13:47'),
(384, 8, 'User', 'lmcsuper@logmycalls.com', 'Login', NULL, NULL, NULL, '2015-02-19 21:14:57'),
(385, 8, 'User', 'lmcsuper@logmycalls.com', 'Login', NULL, NULL, NULL, '2015-02-19 21:15:10'),
(386, 8, 'User', 'lmcsuper@logmycalls.com', 'Login', NULL, NULL, NULL, '2015-02-19 21:16:28'),
(387, 8, 'User', 'lmcsuper@logmycalls.com', 'Login', NULL, NULL, NULL, '2015-02-19 21:19:01'),
(388, 8, 'User', 'lmcsuper@logmycalls.com', 'Login', NULL, NULL, NULL, '2015-02-19 21:19:28'),
(389, 70, 'orgUnit', NULL, 'added', 'orgUnit', 'Level 2', NULL, '2015-02-19 21:20:07'),
(390, 8, 'User', 'lmcsuper@logmycalls.com', 'Login', NULL, NULL, NULL, '2015-02-19 21:21:47'),
(391, 8, 'User', 'lmcsuper@logmycalls.com', 'Login', NULL, NULL, NULL, '2015-02-19 21:22:39'),
(392, 71, 'orgUnit', NULL, 'added', 'orgUnit', 'Nivel 2', NULL, '2015-02-19 21:24:37'),
(393, 8, 'User', 'lmcsuper@logmycalls.com', 'Login', NULL, NULL, NULL, '2015-02-19 21:25:20'),
(394, 8, 'User', 'lmcsuper@logmycalls.com', 'Login', NULL, NULL, NULL, '2015-02-19 21:25:33'),
(395, 8, 'orgUnit', NULL, 'added', 'orgUnit', '8', NULL, '2015-02-19 21:26:23'),
(396, 8, 'User', 'lmcsuper@logmycalls.com', 'Login', NULL, NULL, NULL, '2015-02-19 21:28:23'),
(397, 8, 'User', 'lmcsuper@logmycalls.com', 'Login', NULL, NULL, NULL, '2015-02-19 14:28:28'),
(398, 8, 'User', 'lmcsuper@logmycalls.com', 'Login', NULL, NULL, NULL, '2015-02-19 21:29:03'),
(399, 8, 'User', 'lmcsuper@logmycalls.com', 'Login', NULL, NULL, NULL, '2015-02-19 14:29:04'),
(400, 8, 'User', 'lmcsuper@logmycalls.com', 'Login', NULL, NULL, NULL, '2015-02-19 21:29:24'),
(401, 8, 'User', 'lmcsuper@logmycalls.com', 'Login', NULL, NULL, NULL, '2015-02-19 14:30:31'),
(402, 8, 'User', 'lmcsuper@logmycalls.com', 'Login', NULL, NULL, NULL, '2015-02-19 14:30:51'),
(403, 8, 'User', 'lmcsuper@logmycalls.com', 'Login', NULL, NULL, NULL, '2015-02-19 14:31:20'),
(404, 8, 'User', 'lmcsuper@logmycalls.com', 'Login', NULL, NULL, NULL, '2015-02-19 14:31:55'),
(405, 8, 'User', 'lmcsuper@logmycalls.com', 'Login', NULL, NULL, NULL, '2015-02-19 14:32:45'),
(406, 8, 'User', 'lmcsuper@logmycalls.com', 'Login', NULL, NULL, NULL, '2015-02-19 14:33:12'),
(407, 8, 'User', 'lmcsuper@logmycalls.com', 'Login', NULL, NULL, NULL, '2015-02-19 14:33:31'),
(408, 8, 'User', 'lmcsuper@logmycalls.com', 'Login', NULL, NULL, NULL, '2015-02-19 14:33:56'),
(409, 8, 'User', 'lmcsuper@logmycalls.com', 'Login', NULL, NULL, NULL, '2015-02-19 14:34:12'),
(410, 8, 'User', 'lmcsuper@logmycalls.com', 'Login', NULL, NULL, NULL, '2015-02-19 14:34:46'),
(411, 8, 'User', 'lmcsuper@logmycalls.com', 'Login', NULL, NULL, NULL, '2015-02-19 14:35:31'),
(412, 8, 'User', 'lmcsuper@logmycalls.com', 'Login', NULL, NULL, NULL, '2015-02-19 14:36:14'),
(413, 8, 'User', 'lmcsuper@logmycalls.com', 'Login', NULL, NULL, NULL, '2015-02-19 14:36:36'),
(414, 8, 'User', 'lmcsuper@logmycalls.com', 'Login', NULL, NULL, NULL, '2015-02-19 21:38:21'),
(415, 8, 'User', 'lmcsuper@logmycalls.com', 'Login', NULL, NULL, NULL, '2015-02-19 21:41:05'),
(416, 8, 'User', 'lmcsuper@logmycalls.com', 'Login', NULL, NULL, NULL, '2015-02-19 21:46:01'),
(417, 8, 'orgUnit', NULL, 'added', 'orgUnit', '8', NULL, '2015-02-19 21:46:11'),
(418, 8, 'orgUnit', NULL, 'added', 'orgUnit', '8', NULL, '2015-02-19 21:46:52'),
(419, 8, 'User', 'lmcsuper@logmycalls.com', 'Login', NULL, NULL, NULL, '2015-02-19 21:56:26'),
(420, 8, 'User', 'lmcsuper@logmycalls.com', 'Login', NULL, NULL, NULL, '2015-02-19 22:06:03'),
(421, 8, 'User', 'lmcsuper@logmycalls.com', 'Login', NULL, NULL, NULL, '2015-02-18 15:03:01'),
(422, 8, 'User', 'lmcsuper@logmycalls.com', 'Login', NULL, NULL, NULL, '2015-02-19 22:16:02'),
(423, 8, 'User', 'lmcsuper@logmycalls.com', 'Login', NULL, NULL, NULL, '2015-02-19 22:16:18'),
(424, 8, 'User', 'lmcsuper@logmycalls.com', 'Login', NULL, NULL, NULL, '2015-02-19 22:16:49'),
(425, 8, 'User', 'lmcsuper@logmycalls.com', 'Login', NULL, NULL, NULL, '2015-02-19 22:19:09'),
(426, 72, 'orgUnit', NULL, 'added', 'orgUnit', 'Captain Crunch Agency', NULL, '2015-02-19 22:21:35'),
(427, 73, 'orgUnit', NULL, 'added', 'orgUnit', 'Aaron second level org test', NULL, '2015-02-19 15:27:26'),
(428, 8, 'User', 'lmcsuper@logmycalls.com', 'Login', NULL, NULL, NULL, '2015-02-19 22:33:39'),
(429, 8, 'User', 'lmcsuper@logmycalls.com', 'added', 'campaign', 'Nissas Campaign', NULL, '2015-02-19 22:34:31'),
(430, 8, 'User', 'lmcsuper@logmycalls.com', 'Login', NULL, NULL, NULL, '2015-02-19 22:51:04'),
(431, 8, 'User', 'lmcsuper@logmycalls.com', 'Login', NULL, NULL, NULL, '2015-02-19 22:51:22'),
(432, 8, 'User', 'lmcsuper@logmycalls.com', 'added', 'campaign', 'bb', NULL, '2015-02-19 22:57:51'),
(433, 8, 'User', 'lmcsuper@logmycalls.com', 'Login', NULL, NULL, NULL, '2015-02-19 22:58:07'),
(434, 8, 'User', 'lmcsuper@logmycalls.com', 'Login', NULL, NULL, NULL, '2015-02-19 23:00:01'),
(435, 8, 'User', 'lmcsuper@logmycalls.com', 'added', 'campaign', 'New Campaign', NULL, '2015-02-19 23:00:08'),
(436, 8, 'User', 'lmcsuper@logmycalls.com', 'Login', NULL, NULL, NULL, '2015-02-19 23:01:02'),
(437, 8, 'User', 'lmcsuper@logmycalls.com', 'added', 'campaign', 'New Campaign', NULL, '2015-02-19 23:01:38'),
(438, 8, 'User', 'lmcsuper@logmycalls.com', 'added', 'campaign', 'New Campaign', NULL, '2015-02-19 23:01:39'),
(439, 8, 'User', 'lmcsuper@logmycalls.com', 'Login', NULL, NULL, NULL, '2015-02-19 23:01:43'),
(440, 8, 'User', 'lmcsuper@logmycalls.com', 'edited', 'campaign', '?', '?', '2015-02-19 23:02:07'),
(441, 8, 'User', 'lmcsuper@logmycalls.com', 'edited', 'campaign', '?', '?', '2015-02-19 23:02:07'),
(442, 8, 'User', 'lmcsuper@logmycalls.com', 'added', 'campaign', 'New Campaign', NULL, '2015-02-19 23:02:10'),
(443, 8, 'User', 'lmcsuper@logmycalls.com', 'edited', 'campaign', '?', '?', '2015-02-19 23:03:23'),
(444, 8, 'User', 'lmcsuper@logmycalls.com', 'edited', 'campaign', '?', '?', '2015-02-19 23:04:51'),
(445, 8, 'User', 'lmcsuper@logmycalls.com', 'added', 'campaign', 'New Campaign66', NULL, '2015-02-19 23:07:41'),
(446, 8, 'orgUnit', NULL, 'added', 'orgUnit', '8', NULL, '2015-02-19 23:07:48'),
(447, 2, 'orgUnit', NULL, 'added', 'orgUnit', '2', NULL, '2015-02-19 16:15:05'),
(448, 8, 'User', 'lmcsuper@logmycalls.com', 'Login', NULL, NULL, NULL, '2015-02-19 23:18:29'),
(449, 8, 'orgUnit', NULL, 'added', 'orgUnit', '8', NULL, '2015-02-19 23:18:56'),
(450, 8, 'User', 'lmcsuper@logmycalls.com', 'Login', NULL, NULL, NULL, '2015-02-19 16:19:30'),
(451, 8, 'User', 'lmcsuper@logmycalls.com', 'Login', NULL, NULL, NULL, '2015-02-19 23:20:09'),
(452, 8, 'orgUnit', NULL, 'added', 'orgUnit', '8', NULL, '2015-02-19 23:20:24'),
(453, 8, 'User', 'lmcsuper@logmycalls.com', 'Login', NULL, NULL, NULL, '2015-02-19 23:21:46'),
(454, 8, 'orgUnit', NULL, 'added', 'orgUnit', '8', NULL, '2015-02-19 23:21:58'),
(455, 8, 'User', 'lmcsuper@logmycalls.com', 'added', 'campaign', 'Joe Smiles', NULL, '2015-02-19 23:22:35'),
(456, 8, 'User', 'lmcsuper@logmycalls.com', 'Login', NULL, NULL, NULL, '2015-02-19 23:23:11'),
(457, 8, 'orgUnit', NULL, 'added', 'orgUnit', '8', NULL, '2015-02-19 23:23:22'),
(458, 8, 'User', 'lmcsuper@logmycalls.com', 'added', 'campaign', 'My Favorite Dentist', NULL, '2015-02-19 23:23:38'),
(459, 8, 'User', 'lmcsuper@logmycalls.com', 'Login', NULL, NULL, NULL, '2015-02-19 23:24:47'),
(460, 8, 'User', 'lmcsuper@logmycalls.com', 'Login', NULL, NULL, NULL, '2015-02-19 23:25:50'),
(461, 8, 'User', 'lmcsuper@logmycalls.com', 'added', 'campaign', 'joes crab shack', NULL, '2015-02-19 23:27:07'),
(462, 8, 'User', 'lmcsuper@logmycalls.com', 'edited', 'campaign', '?', '?', '2015-02-19 23:27:46'),
(463, 8, 'User', 'lmcsuper@logmycalls.com', 'Login', NULL, NULL, NULL, '2015-02-19 23:30:38'),
(464, 8, 'User', 'lmcsuper@logmycalls.com', 'Login', NULL, NULL, NULL, '2015-02-19 23:31:22'),
(465, 8, 'orgUnit', NULL, 'added', 'orgUnit', '8', NULL, '2015-02-19 23:31:33'),
(466, 8, 'User', 'lmcsuper@logmycalls.com', 'Login', NULL, NULL, NULL, '2015-02-19 23:35:47'),
(467, 8, 'User', 'lmcsuper@logmycalls.com', 'edited', 'campaign', '?', '?', '2015-02-19 23:37:58'),
(468, 8, 'User', 'lmcsuper@logmycalls.com', 'edited', 'campaign', '?', '?', '2015-02-19 23:38:06'),
(469, 8, 'User', 'lmcsuper@logmycalls.com', 'edited', 'campaign', '?', '?', '2015-02-19 23:38:36'),
(470, 8, 'User', 'lmcsuper@logmycalls.com', 'Login', NULL, NULL, NULL, '2015-02-19 23:41:35'),
(471, 8, 'User', NULL, 'added', 'user', 'aeardley3@gmail.com', NULL, '2015-02-19 16:43:04'),
(472, 8, 'User', NULL, 'added', 'user', 'aeardley3@gmail.com', NULL, '2015-02-19 16:43:04'),
(473, 8, 'orgUnit', NULL, 'added', 'orgUnit', '8', NULL, '2015-02-19 23:43:13'),
(474, 74, 'orgUnit', NULL, 'added', 'orgUnit', 'Bulby Marketing', NULL, '2015-02-19 23:44:04'),
(475, 8, 'User', NULL, 'added', 'user', 'aeardley3@gmail.com', NULL, '2015-02-19 16:52:42'),
(476, 8, 'User', NULL, 'added', 'user', 'aeardley3@gmail.com', NULL, '2015-02-19 16:52:42'),
(477, 8, 'User', 'lmcsuper@logmycalls.com', 'Login', NULL, NULL, NULL, '2015-02-19 23:54:43'),
(478, 8, 'User', 'lmcsuper@logmycalls.com', 'edited', 'campaign', '?', '?', '2015-02-19 23:55:04'),
(479, 8, 'User', 'lmcsuper@logmycalls.com', 'edited', 'campaign', '?', '?', '2015-02-19 23:55:27'),
(480, 8, 'User', 'lmcsuper@logmycalls.com', 'edited', 'campaign', '?', '?', '2015-02-19 23:55:56'),
(481, 8, 'User', NULL, 'added', 'user', 'aeardley3@gmail.com', NULL, '2015-02-19 16:55:59'),
(482, 8, 'User', NULL, 'added', 'user', 'aeardley3@gmail.com', NULL, '2015-02-19 16:56:00'),
(483, 8, 'User', 'lmcsuper@logmycalls.com', 'added', 'campaign', 'Robert Smith Agency LLC', NULL, '2015-02-19 23:58:06'),
(484, 8, 'User', 'lmcsuper@logmycalls.com', 'edited', 'campaign', '?', '?', '2015-02-19 23:59:59'),
(485, 8, 'User', 'lmcsuper@logmycalls.com', 'edited', 'campaign', '?', '?', '2015-02-20 00:00:21'),
(486, 8, 'User', 'lmcsuper@logmycalls.com', 'Login', NULL, NULL, NULL, '2015-02-20 00:04:23'),
(487, 8, 'User', NULL, 'added', 'user', 'aeardley4@gmail.com', NULL, '2015-02-19 17:06:51'),
(488, 8, 'User', 'lmcsuper@logmycalls.com', 'edited', 'campaign', '?', '?', '2015-02-20 00:08:37'),
(489, 8, 'User', 'lmcsuper@logmycalls.com', 'edited', 'campaign', '?', '?', '2015-02-20 00:08:51'),
(490, 8, 'User', 'lmcsuper@logmycalls.com', 'edited', 'campaign', '?', '?', '2015-02-20 00:09:09'),
(491, 8, 'User', NULL, 'added', 'user', 'aeardley5@gmail.com', NULL, '2015-02-19 17:16:04'),
(492, 8, 'User', 'lmcsuper@logmycalls.com', 'Login', NULL, NULL, NULL, '2015-02-20 01:29:19'),
(493, 8, 'User', NULL, 'added', 'user', 'bob@yahoo.com', NULL, '2015-02-20 01:30:22'),
(494, 8, 'orgUnit', NULL, 'added', 'orgUnit', '8', NULL, '2015-02-20 01:30:38'),
(495, 8, 'User', 'lmcsuper@logmycalls.com', 'edited', 'campaign', '?', '?', '2015-02-20 01:31:41'),
(496, 8, 'User', 'lmcsuper@logmycalls.com', 'edited', 'campaign', '?', '?', '2015-02-20 01:31:52'),
(497, 8, 'orgUnit', NULL, 'added', 'orgUnit', '8', NULL, '2015-02-20 01:37:33'),
(498, 8, 'User', 'lmcsuper@logmycalls.com', 'Login', NULL, NULL, NULL, '2015-02-20 01:42:03'),
(499, 8, 'User', 'lmcsuper@logmycalls.com', 'Login', NULL, NULL, NULL, '2015-02-20 01:55:08'),
(500, 8, 'orgUnit', NULL, 'added', 'orgUnit', '8', NULL, '2015-02-20 01:55:28'),
(501, 8, 'orgUnit', NULL, 'added', 'orgUnit', '8', NULL, '2015-02-20 01:57:19'),
(502, 8, 'orgUnit', NULL, 'added', 'orgUnit', '8', NULL, '2015-02-20 02:05:05'),
(503, 8, 'User', 'lmcsuper@logmycalls.com', 'Login', NULL, NULL, NULL, '2015-02-20 02:05:27'),
(504, 8, 'User', 'lmcsuper@logmycalls.com', 'Login', NULL, NULL, NULL, '2015-02-20 02:32:47'),
(505, 8, 'User', 'lmcsuper@logmycalls.com', 'Login', NULL, NULL, NULL, '2015-02-20 04:00:03'),
(506, 8, 'User', 'lmcsuper@logmycalls.com', 'Login', NULL, NULL, NULL, '2015-02-20 16:32:26'),
(507, 8, 'User', 'lmcsuper@logmycalls.com', 'Login', NULL, NULL, NULL, '2015-02-20 16:43:11'),
(508, 8, 'User', 'lmcsuper@logmycalls.com', 'Login', NULL, NULL, NULL, '2015-02-20 16:44:21'),
(509, 75, 'orgUnit', NULL, 'added', 'orgUnit', 'Good Burger LLC', NULL, '2015-02-20 16:47:10'),
(510, 8, 'User', 'lmcsuper@logmycalls.com', 'added', 'campaign', 'Burgers half off promo', NULL, '2015-02-20 16:52:41'),
(511, 8, 'User', 'lmcsuper@logmycalls.com', 'Login', NULL, NULL, NULL, '2015-02-20 18:47:41'),
(512, 8, 'User', 'lmcsuper@logmycalls.com', 'Login', NULL, NULL, NULL, '2015-02-21 04:03:27'),
(513, 8, 'User', 'lmcsuper@logmycalls.com', 'Login', NULL, NULL, NULL, '2015-02-21 04:03:48'),
(514, 8, 'User', 'lmcsuper@logmycalls.com', 'Login', NULL, NULL, NULL, '2015-02-22 01:56:48'),
(515, 8, 'User', 'lmcsuper@logmycalls.com', 'Login', NULL, NULL, NULL, '2015-02-22 02:46:17'),
(516, 8, 'User', 'lmcsuper@logmycalls.com', 'Login', NULL, NULL, NULL, '2015-02-22 03:02:42'),
(517, 8, 'User', 'lmcsuper@logmycalls.com', 'added', 'campaign', 'New Campaign', NULL, '2015-02-22 03:34:50'),
(518, 8, 'User', 'lmcsuper@logmycalls.com', 'Login', NULL, NULL, NULL, '2015-02-23 01:53:42'),
(519, 8, 'User', 'lmcsuper@logmycalls.com', 'Login', NULL, NULL, NULL, '2015-02-23 02:24:57'),
(520, 8, 'User', 'lmcsuper@logmycalls.com', 'added', 'campaign', 'New Campaign', NULL, '2015-02-23 02:56:13'),
(521, 8, 'User', 'lmcsuper@logmycalls.com', 'Login', NULL, NULL, NULL, '2015-02-23 15:18:30');
INSERT INTO `ct_log` (`ct_log_id`, `ct_log_ou_id`, `actor_type`, `actor`, `action`, `object`, `object_attribute`, `object_event`, `created`) VALUES
(522, 8, 'User', 'lmcsuper@logmycalls.com', 'Login', NULL, NULL, NULL, '2015-02-23 20:50:44'),
(523, 8, 'User', 'lmcsuper@logmycalls.com', 'Login', NULL, NULL, NULL, '2015-02-23 15:40:44'),
(524, 8, 'User', 'lmcsuper@logmycalls.com', 'Login', NULL, NULL, NULL, '2015-02-23 15:41:43'),
(525, 8, 'User', 'lmcsuper@logmycalls.com', 'Login', NULL, NULL, NULL, '2015-02-23 15:57:34'),
(526, 8, 'User', 'lmcsuper@logmycalls.com', 'Login', NULL, NULL, NULL, '2015-02-23 16:32:10'),
(527, 1, 'User', 'lmcsuper@logmycalls.com', 'edited', 'campaign', '?', '?', '2015-02-23 16:40:53'),
(528, 1, 'User', 'lmcsuper@logmycalls.com', 'edited', 'call flow', '?', '?', '2015-02-23 16:40:53'),
(529, 1, 'User', 'lmcsuper@logmycalls.com', 'edited', 'campaign', '?', '?', '2015-02-23 16:46:48'),
(530, 1, 'User', 'lmcsuper@logmycalls.com', 'edited', 'campaign', '?', '?', '2015-02-23 16:49:45'),
(531, 1, 'User', 'lmcsuper@logmycalls.com', 'edited', 'campaign', '?', '?', '2015-02-23 16:51:41'),
(532, 8, 'User', 'lmcsuper@logmycalls.com', 'Login', NULL, NULL, NULL, '2015-02-23 16:51:52'),
(533, 1, 'User', 'lmcsuper@logmycalls.com', 'edited', 'campaign', '?', '?', '2015-02-23 16:52:03'),
(534, 8, 'User', 'lmcsuper@logmycalls.com', 'edited', 'campaign', '?', '?', '2015-02-23 16:55:02'),
(535, 8, 'User', 'lmcsuper@logmycalls.com', 'edited', 'campaign', '?', '?', '2015-02-23 16:55:40'),
(536, 8, 'User', 'lmcsuper@logmycalls.com', 'edited', 'campaign', '?', '?', '2015-02-23 16:56:04'),
(537, 8, 'User', 'lmcsuper@logmycalls.com', 'Login', NULL, NULL, NULL, '2015-02-23 18:09:15'),
(538, 8, 'User', 'lmcsuper@logmycalls.com', 'Login', NULL, NULL, NULL, '2015-02-23 18:14:37'),
(539, 8, 'User', 'lmcsuper@logmycalls.com', 'Login', NULL, NULL, NULL, '2015-02-23 11:18:50'),
(540, 8, 'User', 'lmcsuper@logmycalls.com', 'added', 'campaign', 'New Campaign', NULL, '2015-02-23 18:20:03'),
(541, 8, 'User', 'lmcsuper@logmycalls.com', 'Login', NULL, NULL, NULL, '2015-02-23 18:20:55'),
(542, 8, 'User', 'lmcsuper@logmycalls.com', 'Login', NULL, NULL, NULL, '2015-02-24 00:09:17'),
(543, 8, 'User', 'lmcsuper@logmycalls.com', 'Login', NULL, NULL, NULL, '2015-02-24 00:09:19'),
(544, 8, 'User', 'lmcsuper@logmycalls.com', 'Login', NULL, NULL, NULL, '2015-02-23 12:29:31'),
(545, 8, 'User', 'lmcsuper@logmycalls.com', 'Login', NULL, NULL, NULL, '2015-02-23 12:30:14'),
(546, 8, 'User', 'lmcsuper@logmycalls.com', 'Login', NULL, NULL, NULL, '2015-02-23 12:31:34'),
(547, 8, 'User', 'lmcsuper@logmycalls.com', 'Login', NULL, NULL, NULL, '2015-02-23 12:33:34'),
(548, 8, 'User', 'lmcsuper@logmycalls.com', 'Login', NULL, NULL, NULL, '2015-02-23 12:34:34'),
(549, 8, 'User', 'lmcsuper@logmycalls.com', 'Login', NULL, NULL, NULL, '2015-02-23 12:35:57'),
(550, 8, 'User', 'lmcsuper@logmycalls.com', 'Login', NULL, NULL, NULL, '2015-02-23 12:49:42'),
(551, 8, 'User', 'lmcsuper@logmycalls.com', 'Login', NULL, NULL, NULL, '2015-02-23 12:49:52'),
(552, 8, 'User', 'lmcsuper@logmycalls.com', 'Login', NULL, NULL, NULL, '2015-02-23 19:54:26'),
(553, 8, 'User', 'lmcsuper@logmycalls.com', 'Login', NULL, NULL, NULL, '2015-02-23 12:55:21'),
(554, 8, 'User', 'lmcsuper@logmycalls.com', 'Login', NULL, NULL, NULL, '2015-02-23 12:55:50'),
(555, 8, 'User', 'lmcsuper@logmycalls.com', 'Login', NULL, NULL, NULL, '2015-02-23 12:56:52'),
(556, 8, 'User', 'lmcsuper@logmycalls.com', 'Login', NULL, NULL, NULL, '2015-02-24 01:58:04'),
(557, 8, 'User', 'lmcsuper@logmycalls.com', 'Login', NULL, NULL, NULL, '2015-02-23 13:30:12'),
(558, 8, 'User', 'lmcsuper@logmycalls.com', 'Login', NULL, NULL, NULL, '2015-02-23 20:36:04'),
(559, 8, 'User', 'lmcsuper@logmycalls.com', 'Login', NULL, NULL, NULL, '2015-02-23 21:17:31'),
(560, 8, 'User', 'lmcsuper@logmycalls.com', 'Login', NULL, NULL, NULL, '2015-02-23 21:18:03'),
(561, 8, 'User', 'lmcsuper@logmycalls.com', 'Login', NULL, NULL, NULL, '2015-02-23 21:23:01'),
(562, 8, 'User', 'lmcsuper@logmycalls.com', 'Login', NULL, NULL, NULL, '2015-02-24 03:08:34'),
(563, 8, 'User', 'lmcsuper@logmycalls.com', 'Login', NULL, NULL, NULL, '2015-02-24 03:08:54'),
(564, 8, 'User', 'lmcsuper@logmycalls.com', 'edited', 'campaign', '?', '?', '2015-02-23 21:52:04'),
(565, 8, 'User', 'lmcsuper@logmycalls.com', 'edited', 'campaign', '?', '?', '2015-02-23 21:52:09'),
(566, 8, 'User', 'lmcsuper@logmycalls.com', 'edited', 'campaign', '?', '?', '2015-02-23 21:52:13'),
(567, 8, 'User', 'lmcsuper@logmycalls.com', 'Login', NULL, NULL, NULL, '2015-02-23 22:17:32'),
(568, 8, 'User', 'lmcsuper@logmycalls.com', 'Login', NULL, NULL, NULL, '2015-02-23 22:54:19'),
(569, 8, 'User', 'lmcsuper@logmycalls.com', 'Login', NULL, NULL, NULL, '2015-02-23 22:55:51'),
(570, 8, 'User', 'lmcsuper@logmycalls.com', 'Login', NULL, NULL, NULL, '2015-02-23 23:09:00'),
(571, 8, 'User', 'lmcsuper@logmycalls.com', 'Login', NULL, NULL, NULL, '2015-02-23 23:25:51'),
(572, 8, 'User', 'lmcsuper@logmycalls.com', 'Login', NULL, NULL, NULL, '2015-02-23 16:29:30'),
(573, 8, 'User', 'lmcsuper@logmycalls.com', 'Login', NULL, NULL, NULL, '2015-02-23 23:34:14'),
(574, 8, 'User', 'lmcsuper@logmycalls.com', 'Login', NULL, NULL, NULL, '2015-02-23 16:48:21'),
(575, 8, 'User', 'lmcsuper@logmycalls.com', 'Login', NULL, NULL, NULL, '2015-02-23 23:49:54'),
(576, 8, 'User', 'lmcsuper@logmycalls.com', 'Login', NULL, NULL, NULL, '2015-02-23 17:09:11'),
(577, 8, 'User', 'lmcsuper@logmycalls.com', 'added', 'campaign', 'Aaron Test', NULL, '2015-02-23 17:28:30'),
(578, 8, 'User', 'lmcsuper@logmycalls.com', 'Login', NULL, NULL, NULL, '2015-02-24 05:19:29'),
(579, 8, 'User', 'lmcsuper@logmycalls.com', 'added', 'campaign', 'New Campaign', NULL, '2015-02-24 05:34:56'),
(580, 8, 'User', 'lmcsuper@logmycalls.com', 'added', 'campaign', 'New Campaign', NULL, '2015-02-24 05:36:14'),
(581, 8, 'User', 'lmcsuper@logmycalls.com', 'added', 'campaign', 't1', NULL, '2015-02-24 06:05:05'),
(582, 8, 'User', 'lmcsuper@logmycalls.com', 'edited', 'campaign', '?', '?', '2015-02-24 06:05:23'),
(583, 8, 'User', 'lmcsuper@logmycalls.com', 'edited', 'campaign', '?', '?', '2015-02-24 06:11:46'),
(584, 8, 'User', 'lmcsuper', 'Login', NULL, NULL, NULL, '2015-02-24 15:53:45'),
(585, 8, 'User', 'lmcsuper', 'Login', NULL, NULL, NULL, '2015-02-24 15:55:02'),
(586, 8, 'User', 'lmcsuper', 'Login', NULL, NULL, NULL, '2015-02-24 16:14:46'),
(587, 8, 'User', 'lmcsuper', 'Login', NULL, NULL, NULL, '2015-02-24 16:15:39'),
(588, 8, 'User', 'lmcsuper', 'Login', NULL, NULL, NULL, '2015-02-24 16:16:30'),
(589, 8, 'User', 'lmcsuper', 'Login', NULL, NULL, NULL, '2015-02-24 16:18:54'),
(590, 8, 'User', 'lmcsuper', 'Login', NULL, NULL, NULL, '2015-02-24 16:22:21'),
(591, 8, 'User', 'lmcsuper', 'Login', NULL, NULL, NULL, '2015-02-24 16:23:15'),
(592, 8, 'User', 'lmcsuper@logmycalls.com', 'Login', NULL, NULL, NULL, '2015-02-24 16:27:25'),
(593, 8, 'User', 'lmcsuper@logmycalls.com', 'Login', NULL, NULL, NULL, '2015-02-24 16:40:29'),
(594, 8, 'User', 'lmcsuper@logmycalls.com', 'Login', NULL, NULL, NULL, '2015-02-24 16:43:42'),
(595, 8, 'User', 'lmcsuper@logmycalls.com', 'Login', NULL, NULL, NULL, '2015-02-24 17:18:07'),
(596, 8, 'User', NULL, 'added', 'user', 'test@test.com', NULL, '2015-02-24 17:19:00'),
(597, 8, 'User', 'lmcsuper@logmycalls.com', 'Login', NULL, NULL, NULL, '2015-02-24 17:44:31');

--
-- Dumping data for table `ct_user`
--

INSERT INTO `ct_user` (`ct_user_id`, `user_ext_id`, `username`, `password`, `has_changed_pw`, `first_name`, `last_name`, `user_title`, `role_id`, `ct_user_ou_id`, `primary_phone`, `mobile_phone`, `mobile_provider_id`, `user_modified`, `user_created`, `user_status`, `user_img`) VALUES
(1, NULL, 'lmcsuper@logmycalls.com', 'e16077c61ca1e17de2f4325431b355493ace9c7b', 1, 'Bill', 'Gates', '', 1, 8, '9998877654', '', NULL, '2015-02-24 15:17:48', '2010-12-14 10:24:02', 'active', NULL),
(2, '123433', 'aeardley@gmail.com', 'efa187ac48dcd7bbdcf614215a588713802edf76', NULL, 'Aaron', 'test user endpoint2', NULL, 1, 1, NULL, NULL, NULL, '2015-02-17 12:15:37', '2015-02-17 12:05:25', 'active', NULL),
(3, '123433', 'aeardley1@gmail.com', 'efa187ac48dcd7bbdcf614215a588713802edf76', NULL, 'Aaron', 'test user endpoint', NULL, 1, 1, NULL, NULL, NULL, '2015-02-17 12:13:59', '2015-02-17 12:13:59', 'active', NULL),
(4, '123433', 'aeardley2@gmail.com', 'efa187ac48dcd7bbdcf614215a588713802edf76', NULL, 'Aaron', 'test user endpoint', NULL, 1, 1, NULL, NULL, NULL, '2015-02-17 12:14:34', '2015-02-17 12:14:34', 'active', NULL),
(5, '123433', 'aeardley66@gmail.com', 'efa187ac48dcd7bbdcf614215a588713802edf76', NULL, 'Aaron', 'test user', NULL, 1, 66, NULL, NULL, NULL, '2015-02-18 15:03:06', '2015-02-18 15:03:06', 'active', NULL),
(6, '123433', 'aeardley65@gmail.com', 'efa187ac48dcd7bbdcf614215a588713802edf76', NULL, 'Aaron', 'test user', NULL, 1, 65, NULL, NULL, NULL, '2015-02-18 15:42:28', '2015-02-18 15:42:28', 'active', NULL),
(7, '123433', 'aeardley67@gmail.com', 'efa187ac48dcd7bbdcf614215a588713802edf76', NULL, 'Aaron', 'test user', NULL, 1, 67, NULL, NULL, NULL, '2015-02-18 15:42:39', '2015-02-18 15:42:39', 'active', NULL),
(8, '123433', 'aeardley3@gmail.com', 'efa187ac48dcd7bbdcf614215a588713802edf76', NULL, 'Aaron', 'testing user', NULL, 1, 8, NULL, NULL, NULL, '2015-02-19 17:06:05', '2015-02-19 09:27:37', 'active', NULL),
(12, NULL, 'aeardley4@gmail.com', 'efa187ac48dcd7bbdcf614215a588713802edf76', NULL, 'Aaron', 'Test user', NULL, 1, 8, NULL, NULL, NULL, '2015-02-19 17:09:29', '2015-02-19 17:06:51', 'deleted', NULL),
(13, NULL, 'aeardley5@gmail.com', 'efa187ac48dcd7bbdcf614215a588713802edf76', NULL, 'Aaron', 'Test 5', NULL, 1, 8, NULL, NULL, NULL, '2015-02-19 17:19:32', '2015-02-19 17:16:04', 'active', NULL),
(14, NULL, 'bob@yahoo.com', 'efa187ac48dcd7bbdcf614215a588713802edf76', NULL, 'Bob', 'Hope', NULL, 2, 8, NULL, NULL, NULL, '2015-02-20 01:30:22', '2015-02-20 01:30:22', 'active', NULL),
(15, NULL, 'davey', '7c4a8d09ca3762af61e59520943dc26494f8941b', NULL, 'Davey', 'Walbeck', 'code monkey', 1, 76, NULL, NULL, NULL, NULL, '2015-02-24 17:14:46', 'active', NULL),
(16, NULL, 'test@test.com', 'efa187ac48dcd7bbdcf614215a588713802edf76', NULL, 'Test', 'Tester', NULL, 1, 8, NULL, NULL, NULL, '2015-02-24 17:19:00', '2015-02-24 17:19:00', 'active', NULL);

--
-- Dumping data for table `industry`
--

INSERT INTO `industry` (`industry_id`, `industry_name`) VALUES
(1, 'Advertising - Digital'),
(2, 'Advertising - Direct'),
(3, 'Automotive - Dealership'),
(4, 'Automotive - Service'),
(5, 'Financial - Insurance'),
(6, 'Financial - Mortgage'),
(7, 'Home Services - Electrician'),
(8, 'Home Services - Home Improvement'),
(9, 'Home Services - Housekeeping'),
(10, 'Home Services - Pest Control'),
(11, 'Home Services - Plumber/HVAC'),
(12, 'Hospitality - Accomodations'),
(13, 'Hospitality - Travel Agency'),
(14, 'Medical - Chiropractor'),
(15, 'Medical - Cosmetic'),
(16, 'Medical - Dental'),
(17, 'Medical - Home Healthcare'),
(18, 'Medical - Other'),
(19, 'Personal Care - Gym/Fitness'),
(20, 'Personal Care - Spa'),
(21, 'Real Estate - Property Mgmt'),
(22, 'Real Estate - Sales'),
(23, 'Rental - Furniture/Electronics'),
(24, 'Rental - Heavy Equipment'),
(25, 'Rental - Party/Event'),
(26, 'Rental - Other'),
(27, 'Other');

--
-- Dumping data for table `org_unit`
--

INSERT INTO `org_unit` (`org_unit_id`, `org_unit_ext_id`, `org_unit_name`, `org_unit_parent_id`, `top_ou_id`, `org_unit_status`) VALUES
(1, '123433', 'Jenson Allstate Insurance LLC', 8, 8, 'active'),
(2, '344', 'Aaron Test client 1', 1, 8, 'active'),
(3, '123433', 'Aaron Test client 2', 1, NULL, 'active'),
(4, '123433', 'Aaron Test client 3', 1, NULL, 'active'),
(5, '123433', 'Aaron Test client 4', 1, NULL, 'active'),
(6, '344', 'Aaron Testing 123', 11, NULL, 'active'),
(7, '123433', 'Aaron Test client 6', 1, NULL, 'active'),
(8, 'a121', 'Blingy Marketing LLC', NULL, NULL, 'active'),
(9, NULL, 'Level 2 Bob', 8, NULL, 'active'),
(10, NULL, 'Level 2 Charlie', 8, NULL, 'active'),
(11, NULL, 'Level 2 Darwin', 8, NULL, 'active'),
(12, NULL, 'Level 3 C 1', 10, NULL, 'active'),
(13, NULL, 'Level 3 C 2', 10, NULL, 'active'),
(14, NULL, 'Level 3 C 3', 10, NULL, 'active'),
(15, NULL, 'Level 3 B 1', 9, NULL, 'active'),
(16, NULL, 'Level 3 B 2', 9, NULL, 'active'),
(17, NULL, 'Level 3 B 3', 9, NULL, 'active'),
(18, NULL, 'Level 3 D 1', 11, NULL, 'active'),
(19, '123433', 'Aaron Test client 6', NULL, NULL, 'active'),
(20, '123433', 'Aaron Test client 7', NULL, NULL, 'active'),
(21, '123433', 'Aaron Test client 8', NULL, NULL, 'active'),
(22, NULL, 'Aaron Test client 8', NULL, NULL, 'active'),
(23, NULL, 'Aaron Test client 9', NULL, NULL, 'active'),
(24, '1336', 'Bo Jangles & Co', NULL, NULL, 'active'),
(25, '1336', 'Bo Jangles & Co', NULL, NULL, 'active'),
(26, '123', 'Bo Jangles', NULL, NULL, 'active'),
(27, '123', 'Bo Jangles', NULL, NULL, 'active'),
(28, '123433', 'Aaron Test client 999', 1, NULL, 'active'),
(29, '123433', 'Aaron Unit test', 1, NULL, 'active'),
(30, '123433', 'Aaron Unit test', 1, NULL, 'active'),
(31, '123433', 'Aaron Unit test', 1, NULL, 'active'),
(32, '123433', 'Aaron Unit test', 1, NULL, 'active'),
(33, '123433', 'Aaron Test', 11, NULL, 'active'),
(34, '123433', 'Top Agency Test', NULL, 34, 'active'),
(35, '123433', 'Top Agency Test 2', 1, NULL, 'active'),
(36, '123433', 'Aaron org unit test 1', 1, NULL, 'active'),
(37, '123433', 'Aaron top level org test 1', NULL, NULL, 'active'),
(38, '123433', 'Aaron top level org test 2', NULL, NULL, 'active'),
(39, '123433', 'Aaron top level org test 3', NULL, NULL, 'active'),
(40, '123433', 'Aaron top level org test 4', NULL, 40, 'active'),
(41, '123433', 'Aaron second level org test', 40, NULL, 'active'),
(42, '123433', 'Aaron second level org test', 40, NULL, 'active'),
(43, '123433', 'Aaron second level org test', 40, NULL, 'active'),
(44, '123433', 'Aaron second level org test', 40, NULL, 'active'),
(45, '123433', 'Aaron second level org test', 40, NULL, 'active'),
(46, '123433', 'Aaron second level org test', 40, NULL, 'active'),
(47, '123433', 'Aaron second level org test', 40, NULL, 'active'),
(48, '123433', 'Aaron second level org test', 40, NULL, 'active'),
(49, '123433', 'Aaron second level org test', 40, NULL, 'active'),
(50, '123433', 'Aaron second level org test', 40, NULL, 'active'),
(51, '123433', 'Aaron second level org test', 49, NULL, 'active'),
(52, '123433', 'Aaron second level org test', 49, NULL, 'active'),
(53, '123433', 'Aaron second level org test', 49, NULL, 'active'),
(54, '123433', 'Aaron second level org test', 49, NULL, 'active'),
(55, '123433', 'Aaron second level org test', 49, NULL, 'active'),
(56, '123433', 'Aaron second level org test', 49, NULL, 'active'),
(57, '123433', 'Aaron second level org test', 49, 49, 'active'),
(58, '123433', 'Aaron second level org test', 49, 49, 'active'),
(59, '123433', 'Aaron second level org test', 49, 49, 'active'),
(60, '123433', 'Aaron second level org test', 49, NULL, 'active'),
(61, '123433', 'Aaron second level org test', 49, NULL, 'active'),
(62, '123433', 'Aaron second level org test', 49, NULL, 'active'),
(63, '123433', 'Aaron second level org test', 49, NULL, 'active'),
(64, '344', 'Aaron Testing 123', 66, 65, 'active'),
(65, '123433', 'Aaron second level org test', NULL, 65, 'active'),
(66, '123433', 'Aaron second level org test', 65, 65, 'active'),
(67, '123433', 'Aaron second level org test', 66, 65, 'active'),
(68, '1412c', 'Smaller Insurance CO', 1, 8, 'active'),
(69, '1412c', 'Smaller Insurance CO', 1, 8, 'active'),
(70, NULL, 'Level 2', 8, 8, 'active'),
(71, 'a121', 'Nivel 2', 8, 8, 'active'),
(72, NULL, 'Captain Crunch Agency', 8, 8, 'active'),
(73, '123433', 'Aaron second level org test', 8, 8, 'active'),
(74, NULL, 'Bulby Marketing', 8, 8, 'active'),
(75, NULL, 'Good Burger LLC', 8, 8, 'active'),
(76, NULL, 'Davey Test Organization', NULL, NULL, 'active');

--
-- Dumping data for table `org_unit_detail`
--

INSERT INTO `org_unit_detail` (`org_unit_id`, `address`, `city`, `state`, `zip`, `phone_number`, `latitude`, `longitude`, `is_store`, `industry_id`, `custom_layout`, `org_unit_created`, `org_unit_modified`) VALUES
(8, '134 Main St.', 'Provo', 'UT', '84604', '(801) 855-4444', NULL, NULL, 0, 2, 0, '2015-02-13 11:46:36', '2015-02-20 02:05:05'),
(35, '134 Main St.', 'Washington', 'UT', NULL, NULL, NULL, NULL, 0, NULL, 0, '2015-02-13 11:51:50', '2015-02-13 11:51:50'),
(36, '134 Main St.', 'Washington', 'UT', NULL, NULL, NULL, NULL, 0, NULL, 0, '2015-02-17 09:46:11', '2015-02-17 09:46:11'),
(37, '134 Main St.', 'Washington', 'UT', NULL, NULL, NULL, NULL, 0, NULL, 0, '2015-02-17 16:01:34', '2015-02-17 16:01:34'),
(38, '134 Main St.', 'Washington', 'UT', NULL, NULL, NULL, NULL, 0, NULL, 0, '2015-02-17 16:03:04', '2015-02-17 16:03:04'),
(39, '134 Main St.', 'Washington', 'UT', NULL, NULL, NULL, NULL, 0, NULL, 0, '2015-02-17 16:09:40', '2015-02-17 16:09:40'),
(40, '134 Main St.', 'Washington', 'UT', NULL, NULL, NULL, NULL, 0, NULL, 0, '2015-02-17 16:12:22', '2015-02-17 16:12:22'),
(41, '134 Main St.', 'Washington', 'UT', NULL, NULL, NULL, NULL, 0, NULL, 0, '2015-02-17 16:43:54', '2015-02-17 16:43:54'),
(42, '134 Main St.', 'Washington', 'UT', NULL, NULL, NULL, NULL, 0, NULL, 0, '2015-02-17 16:46:44', '2015-02-17 16:46:44'),
(43, '134 Main St.', 'Washington', 'UT', NULL, NULL, NULL, NULL, 0, NULL, 0, '2015-02-17 16:47:14', '2015-02-17 16:47:14'),
(44, '134 Main St.', 'Washington', 'UT', NULL, NULL, NULL, NULL, 0, NULL, 0, '2015-02-17 16:49:20', '2015-02-17 16:49:20'),
(45, '134 Main St.', 'Washington', 'UT', NULL, NULL, NULL, NULL, 0, NULL, 0, '2015-02-17 16:49:51', '2015-02-17 16:49:51'),
(46, '134 Main St.', 'Washington', 'UT', NULL, NULL, NULL, NULL, 0, NULL, 0, '2015-02-17 16:50:11', '2015-02-17 16:50:11'),
(47, '134 Main St.', 'Washington', 'UT', NULL, NULL, NULL, NULL, 0, NULL, 0, '2015-02-17 16:50:32', '2015-02-17 16:50:32'),
(48, '134 Main St.', 'Washington', 'UT', NULL, NULL, NULL, NULL, 0, NULL, 0, '2015-02-17 16:53:19', '2015-02-17 16:53:19'),
(49, '134 Main St.', 'Washington', 'UT', NULL, NULL, NULL, NULL, 0, NULL, 0, '2015-02-17 16:54:10', '2015-02-17 16:54:10'),
(50, '134 Main St.', 'Washington', 'UT', NULL, NULL, NULL, NULL, 0, NULL, 0, '2015-02-17 16:55:04', '2015-02-17 16:55:04'),
(51, '134 Main St.', 'Washington', 'UT', NULL, NULL, NULL, NULL, 0, NULL, 0, '2015-02-17 16:57:16', '2015-02-17 16:57:16'),
(52, '134 Main St.', 'Washington', 'UT', NULL, NULL, NULL, NULL, 0, NULL, 0, '2015-02-17 16:58:19', '2015-02-17 16:58:19'),
(53, '134 Main St.', 'Washington', 'UT', NULL, NULL, NULL, NULL, 0, NULL, 0, '2015-02-17 16:59:49', '2015-02-17 16:59:49'),
(54, '134 Main St.', 'Washington', 'UT', NULL, NULL, NULL, NULL, 0, NULL, 0, '2015-02-17 17:01:04', '2015-02-17 17:01:04'),
(55, '134 Main St.', 'Washington', 'UT', NULL, NULL, NULL, NULL, 0, NULL, 0, '2015-02-17 17:02:05', '2015-02-17 17:02:05'),
(56, '134 Main St.', 'Washington', 'UT', NULL, NULL, NULL, NULL, 0, NULL, 0, '2015-02-17 17:02:57', '2015-02-17 17:02:57'),
(57, '134 Main St.', 'Washington', 'UT', NULL, NULL, NULL, NULL, 0, NULL, 0, '2015-02-17 17:06:20', '2015-02-17 17:06:20'),
(58, '134 Main St.', 'Washington', 'UT', NULL, NULL, NULL, NULL, 0, NULL, 0, '2015-02-18 08:15:07', '2015-02-18 08:15:07'),
(59, '134 Main St.', 'Washington', 'UT', NULL, NULL, NULL, NULL, 0, NULL, 0, '2015-02-18 08:15:24', '2015-02-18 08:15:24'),
(60, '134 Main St.', 'Washington', 'UT', NULL, NULL, NULL, NULL, 0, NULL, 0, '2015-02-18 08:17:20', '2015-02-18 08:17:20'),
(61, '134 Main St.', 'Washington', 'UT', NULL, NULL, NULL, NULL, 0, NULL, 0, '2015-02-18 08:19:39', '2015-02-18 08:19:39'),
(62, '134 Main St.', 'Washington', 'UT', NULL, NULL, NULL, NULL, 0, NULL, 0, '2015-02-18 08:21:32', '2015-02-18 08:21:32'),
(63, '134 Main St.', 'Washington', 'UT', NULL, NULL, NULL, NULL, 0, NULL, 0, '2015-02-18 08:22:46', '2015-02-18 08:22:46'),
(64, '1122 Main St.', 'St. George', 'UT', NULL, NULL, NULL, NULL, 0, NULL, 0, '2015-02-18 08:24:30', '2015-02-18 08:43:17'),
(65, '134 Main St.', 'Washington', 'UT', NULL, NULL, NULL, NULL, 0, NULL, 0, '2015-02-18 08:30:22', '2015-02-18 08:30:22'),
(66, '134 Main St.', 'Washington', 'UT', NULL, NULL, NULL, NULL, 0, NULL, 0, '2015-02-18 08:30:40', '2015-02-18 08:30:40'),
(67, '134 Main St.', 'Washington', 'UT', NULL, NULL, NULL, NULL, 0, NULL, 0, '2015-02-18 08:30:52', '2015-02-18 08:30:52'),
(68, NULL, 'Granada Hills', 'CA', '90210', '(801) 756-7421', NULL, NULL, 5, NULL, 0, '2015-02-19 20:55:05', '2015-02-19 20:55:05'),
(69, NULL, 'Granada Hills', 'CA', '90210', '(801) 756-7421', NULL, NULL, 5, NULL, 0, '2015-02-19 21:06:42', '2015-02-19 21:06:42'),
(70, NULL, 'Peachville', 'UT', '84123', '(123) 123-4123', NULL, NULL, 5, NULL, 0, '2015-02-19 21:20:07', '2015-02-19 21:20:07'),
(71, NULL, 'Sprinville', 'UT', '12341', '(123) 123-4121', NULL, NULL, 2, NULL, 0, '2015-02-19 21:24:37', '2015-02-19 21:24:37'),
(72, NULL, 'Draper', 'UT', '88888', '(801) 888-8888', NULL, NULL, 2, NULL, 0, '2015-02-19 22:21:35', '2015-02-19 22:21:35'),
(73, '134 Main St.', 'Washington', 'UT', NULL, NULL, NULL, NULL, 0, NULL, 0, '2015-02-19 15:27:26', '2015-02-19 15:27:26'),
(74, NULL, 'AAA', 'AK', '12131', '(123) 123-1231', NULL, NULL, 2, NULL, 0, '2015-02-19 23:44:04', '2015-02-19 23:44:04'),
(75, NULL, 'Saint George', 'UT', '88888', '(900) 123-4567', NULL, NULL, 0, 4, 0, '2015-02-20 16:47:10', '2015-02-20 16:47:10');

--
-- Dumping data for table `phone_number`
--

INSERT INTO `phone_number` (`phone_number_id`, `phone_number_ou_id`, `phone_number_pool_id`, `number`, `number_type`, `phone_number_created`, `phone_number_modified`, `phone_number_status`, `provisioned_route_id`, `lock_expires`, `carrier`) VALUES
(1, 1, NULL, '4352312222', 1, '2015-02-23 21:57:21', '2015-02-24 05:34:56', 'provisioned', 209, NULL, NULL),
(2, 1, NULL, '4358784444', 1, '2015-02-23 21:57:21', '2015-02-24 05:36:14', 'provisioned', 210, NULL, NULL),
(3, 1, NULL, '4356285555', 1, '2015-02-23 21:57:21', '2015-02-13 11:18:09', 'unprovisioned', 51, NULL, NULL),
(4, 1, NULL, '4352316666', 1, '2015-02-23 21:57:21', '2015-02-23 02:56:13', 'unprovisioned', 203, NULL, NULL),
(5, 1, NULL, '4358787777', 1, '2015-02-23 21:57:21', '2015-02-23 18:20:03', 'unprovisioned', 204, NULL, NULL),
(6, 1, NULL, '4358781233', 1, '2015-02-23 16:32:20', '2015-02-24 05:24:11', 'unprovisioned', 208, NULL, NULL);

--
-- Dumping data for table `provisioned_route`
--

INSERT INTO `provisioned_route` (`provisioned_route_id`, `provisioned_route_ou_id`, `route_type`, `provisioned_route_name`, `description`, `provider_id`, `product_id`, `provisioned_route_created`, `provisioned_route_modified`, `provisioned_route_status`, `play_disclaimer`, `mine`, `repeat_interval`, `call_value`) VALUES
(1, 1, 'simple', 'route name1', NULL, NULL, NULL, '2015-02-12 17:46:02', '2015-02-12 17:46:02', 'active', 0, 1, 72, 500),
(2, 1, 'simple', 'route name2', NULL, NULL, NULL, '2015-02-12 17:46:02', '2015-02-12 17:46:02', 'active', 0, 1, 72, 500),
(3, 1, 'simple', 'route name1', NULL, NULL, NULL, '2015-02-12 17:49:18', '2015-02-12 17:49:18', 'active', 0, 1, 72, 500),
(4, 1, 'simple', 'route name2', NULL, NULL, NULL, '2015-02-12 17:49:18', '2015-02-12 17:49:18', 'active', 0, 1, 72, 500),
(5, 1, 'simple', 'route name1', NULL, NULL, NULL, '2015-02-12 17:58:54', '2015-02-12 17:58:54', 'active', 0, 1, 72, 500),
(6, 1, 'simple', 'route name2', NULL, NULL, NULL, '2015-02-12 17:58:54', '2015-02-12 17:58:54', 'active', 0, 1, 72, 500),
(7, 1, 'simple', 'route name1', NULL, NULL, NULL, '2015-02-12 17:59:35', '2015-02-12 17:59:35', 'active', 0, 1, 72, 500),
(8, 1, 'simple', 'route name2', NULL, NULL, NULL, '2015-02-12 17:59:35', '2015-02-12 17:59:35', 'active', 0, 1, 72, 500),
(9, 1, 'simple', 'route name1', NULL, NULL, NULL, '2015-02-12 18:02:58', '2015-02-12 18:02:58', 'active', 0, 1, 72, 500),
(10, 1, 'simple', 'route name2', NULL, NULL, NULL, '2015-02-12 18:02:58', '2015-02-12 18:02:58', 'active', 0, 1, 72, 500),
(11, 1, 'simple', 'route name1', NULL, NULL, NULL, '2015-02-12 18:12:08', '2015-02-12 18:12:08', 'active', 0, 1, 72, 500),
(12, 1, 'simple', 'route name2', NULL, NULL, NULL, '2015-02-12 18:12:08', '2015-02-12 18:12:08', 'active', 0, 1, 72, 500),
(13, 1, 'simple', 'route name1', NULL, NULL, NULL, '2015-02-12 18:13:15', '2015-02-12 18:13:15', 'active', 0, 1, 72, 500),
(14, 1, 'simple', 'route name2', NULL, NULL, NULL, '2015-02-12 18:13:15', '2015-02-12 18:13:15', 'active', 0, 1, 72, 500),
(15, 1, 'simple', 'route name1', NULL, NULL, NULL, '2015-02-12 18:14:55', '2015-02-12 18:14:55', 'active', 0, 1, 72, 500),
(16, 1, 'simple', 'route name2', NULL, NULL, NULL, '2015-02-12 18:14:55', '2015-02-12 18:14:55', 'active', 0, 1, 72, 500),
(17, 1, 'simple', 'route name1', NULL, NULL, NULL, '2015-02-12 18:15:36', '2015-02-12 18:15:36', 'active', 0, 1, 72, 500),
(18, 1, 'simple', 'route name2', NULL, NULL, NULL, '2015-02-12 18:15:36', '2015-02-12 18:15:36', 'active', 0, 1, 72, 500),
(19, 1, 'simple', 'route name1', NULL, NULL, NULL, '2015-02-12 18:16:39', '2015-02-12 18:16:39', 'active', 0, 1, 72, 500),
(20, 1, 'simple', 'route name2', NULL, NULL, NULL, '2015-02-12 18:16:39', '2015-02-12 18:16:39', 'active', 0, 1, 72, 500),
(21, 1, 'simple', 'route name1', NULL, NULL, NULL, '2015-02-12 18:23:12', '2015-02-12 18:23:12', 'active', 0, 1, 72, 500),
(22, 1, 'simple', 'route name2', NULL, NULL, NULL, '2015-02-12 18:23:12', '2015-02-12 18:23:12', 'active', 0, 1, 72, 500),
(23, 1, 'simple', 'route name1', NULL, NULL, NULL, '2015-02-12 18:25:48', '2015-02-12 18:25:48', 'active', 0, 1, 72, 500),
(24, 1, 'simple', 'route name2', NULL, NULL, NULL, '2015-02-12 18:25:48', '2015-02-12 18:25:48', 'active', 0, 1, 72, 500),
(25, 1, 'simple', 'route name1', NULL, NULL, NULL, '2015-02-12 18:29:39', '2015-02-12 18:29:39', 'active', 0, 1, 72, 500),
(26, 1, 'simple', 'route name2', NULL, NULL, NULL, '2015-02-12 18:29:39', '2015-02-12 18:29:39', 'active', 0, 1, 72, 500),
(27, 1, 'simple', 'route name1', NULL, NULL, NULL, '2015-02-12 18:30:36', '2015-02-12 18:30:36', 'active', 0, 1, 72, 500),
(28, 1, 'simple', 'route name2', NULL, NULL, NULL, '2015-02-12 18:30:36', '2015-02-12 18:30:36', 'active', 0, 1, 72, 500),
(29, 1, 'simple', 'route name1', NULL, NULL, NULL, '2015-02-12 18:31:57', '2015-02-12 18:31:57', 'active', 0, 1, 72, 500),
(30, 1, 'simple', 'route name2', NULL, NULL, NULL, '2015-02-12 18:31:57', '2015-02-12 18:31:57', 'active', 0, 1, 72, 500),
(31, 1, 'simple', 'route name1', NULL, NULL, NULL, '2015-02-12 18:33:05', '2015-02-12 18:33:05', 'active', 0, 1, 72, 500),
(32, 1, 'simple', 'route name2', NULL, NULL, NULL, '2015-02-12 18:33:05', '2015-02-12 18:33:05', 'active', 0, 1, 72, 500),
(33, NULL, 'simple', 'route name', NULL, NULL, NULL, '2015-02-12 19:40:03', '2015-02-12 19:40:03', 'active', 1, 0, 124, 500),
(34, NULL, 'simple', 'route name', NULL, NULL, NULL, '2015-02-12 19:44:19', '2015-02-12 19:44:19', 'active', 1, 0, 124, 500),
(35, NULL, 'simple', 'route name', NULL, NULL, NULL, '2015-02-13 10:29:57', '2015-02-13 10:29:57', 'active', 1, 0, 124, 500),
(36, NULL, 'simple', 'route name', NULL, NULL, NULL, '2015-02-13 10:33:35', '2015-02-13 10:33:35', 'active', 1, 0, 124, 500),
(37, NULL, 'simple', 'route name', NULL, NULL, NULL, '2015-02-13 10:45:06', '2015-02-13 10:45:06', 'active', 1, 0, 124, 500),
(38, NULL, 'simple', 'route name', NULL, NULL, NULL, '2015-02-13 10:47:04', '2015-02-13 10:47:04', 'active', 1, 0, 124, 500),
(39, NULL, 'simple', 'route name', NULL, NULL, NULL, '2015-02-13 10:49:25', '2015-02-13 10:49:25', 'active', 1, 0, 124, 500),
(40, NULL, 'simple', 'route name', NULL, NULL, NULL, '2015-02-13 10:49:45', '2015-02-13 10:49:45', 'active', 1, 0, 124, 500),
(41, NULL, 'simple', 'route name', NULL, NULL, NULL, '2015-02-13 10:51:23', '2015-02-13 10:51:23', 'active', 1, 0, 124, 500),
(42, NULL, 'simple', 'route name', NULL, NULL, NULL, '2015-02-13 10:52:14', '2015-02-13 10:52:14', 'active', 1, 0, 124, 500),
(43, NULL, 'simple', 'route name', NULL, NULL, NULL, '2015-02-13 10:53:18', '2015-02-13 10:53:18', 'active', 1, 0, 124, 500),
(44, NULL, 'simple', 'route name', NULL, NULL, NULL, '2015-02-13 10:55:50', '2015-02-13 10:55:50', 'active', 1, 0, 124, 500),
(45, NULL, 'simple', 'route name', NULL, NULL, NULL, '2015-02-13 10:57:24', '2015-02-13 10:57:24', 'active', 1, 0, 124, 500),
(46, NULL, 'simple', 'route name', NULL, NULL, NULL, '2015-02-13 10:59:15', '2015-02-13 10:59:15', 'active', 1, 0, 124, 500),
(47, NULL, 'simple', 'route name', NULL, NULL, NULL, '2015-02-13 11:01:57', '2015-02-13 11:01:57', 'active', 1, 0, 124, 500),
(48, NULL, 'simple', 'route name', NULL, NULL, NULL, '2015-02-13 11:06:44', '2015-02-13 11:06:44', 'active', 1, 0, 124, 500),
(49, NULL, 'simple', 'route name', NULL, NULL, NULL, '2015-02-13 11:08:03', '2015-02-13 11:08:03', 'active', 1, 0, 124, 500),
(50, NULL, 'simple', 'route name', NULL, NULL, NULL, '2015-02-13 11:16:48', '2015-02-13 11:16:48', 'active', 1, 0, 124, 500),
(51, NULL, 'simple', 'route name', NULL, NULL, NULL, '2015-02-13 11:18:06', '2015-02-13 11:18:06', 'active', 1, 0, 124, 500),
(52, 1, 'simple', 'route name1', NULL, NULL, NULL, '2015-02-17 22:32:25', '2015-02-17 22:32:25', 'active', 0, 1, 72, 500),
(53, 1, 'simple', 'route name1', NULL, NULL, NULL, '2015-02-17 22:33:03', '2015-02-17 22:33:03', 'active', 0, 1, 72, 500),
(54, 1, 'simple', 'route name1', NULL, NULL, NULL, '2015-02-17 22:33:17', '2015-02-17 22:33:17', 'active', 0, 1, 72, 500),
(55, 1, 'simple', 'route name1', NULL, NULL, NULL, '2015-02-17 22:34:37', '2015-02-17 22:34:37', 'active', 0, 1, 72, 500),
(56, 1, 'simple', 'route name1', NULL, NULL, NULL, '2015-02-17 22:35:29', '2015-02-17 22:35:29', 'active', 0, 1, 72, 500),
(57, 1, 'simple', 'route name1', NULL, NULL, NULL, '2015-02-17 22:38:37', '2015-02-17 22:38:37', 'active', 0, 1, 72, 500),
(58, 1, 'simple', 'route name2', NULL, NULL, NULL, '2015-02-17 22:38:37', '2015-02-17 22:38:37', 'active', 0, 1, 72, 500),
(59, 1, 'simple', 'route name1', NULL, NULL, NULL, '2015-02-17 22:41:08', '2015-02-17 22:41:08', 'active', 0, 1, 72, 500),
(60, 1, 'simple', 'route name2', NULL, NULL, NULL, '2015-02-17 22:41:08', '2015-02-17 22:41:08', 'active', 0, 1, 72, 500),
(61, 1, 'simple', 'route name1', NULL, NULL, NULL, '2015-02-17 22:42:22', '2015-02-17 22:42:22', 'active', 0, 1, 72, 500),
(62, 1, 'simple', 'route name2', NULL, NULL, NULL, '2015-02-17 22:42:22', '2015-02-17 22:42:22', 'active', 0, 1, 72, 500),
(63, 1, 'simple', 'route name1', NULL, NULL, NULL, '2015-02-17 22:42:57', '2015-02-17 22:42:57', 'active', 0, 1, 72, 500),
(64, 1, 'simple', 'route name2', NULL, NULL, NULL, '2015-02-17 22:42:57', '2015-02-17 22:42:57', 'active', 0, 1, 72, 500),
(65, 1, 'simple', 'route name1', NULL, NULL, NULL, '2015-02-17 22:44:13', '2015-02-17 22:44:13', 'active', 0, 1, 72, 500),
(66, 1, 'simple', 'route name2', NULL, NULL, NULL, '2015-02-17 22:44:13', '2015-02-17 22:44:13', 'active', 0, 1, 72, 500),
(67, 1, 'simple', 'route name1', NULL, NULL, NULL, '2015-02-17 22:44:56', '2015-02-17 22:44:56', 'active', 0, 1, 72, 500),
(68, 1, 'simple', 'route name2', NULL, NULL, NULL, '2015-02-17 22:44:56', '2015-02-17 22:44:56', 'active', 0, 1, 72, 500),
(69, 1, 'simple', 'route name1', NULL, NULL, NULL, '2015-02-17 22:49:33', '2015-02-17 22:49:33', 'active', 0, 1, 72, 500),
(70, 1, 'simple', 'route name2', NULL, NULL, NULL, '2015-02-17 22:49:33', '2015-02-17 22:49:33', 'active', 0, 1, 72, 500),
(71, 1, 'simple', 'route name1', NULL, NULL, NULL, '2015-02-17 22:52:32', '2015-02-17 22:52:32', 'active', 0, 1, 72, 500),
(72, 1, 'simple', 'route name2', NULL, NULL, NULL, '2015-02-17 22:52:32', '2015-02-17 22:52:32', 'active', 0, 1, 72, 500),
(73, 1, 'simple', 'route name1', NULL, NULL, NULL, '2015-02-17 22:56:13', '2015-02-17 22:56:13', 'active', 0, 1, 72, 500),
(74, 1, 'simple', 'route name2', NULL, NULL, NULL, '2015-02-17 22:56:13', '2015-02-17 22:56:13', 'active', 0, 1, 72, 500),
(75, 1, 'simple', 'route name1', NULL, NULL, NULL, '2015-02-17 22:57:42', '2015-02-17 22:57:42', 'active', 0, 1, 72, 500),
(76, 1, 'simple', 'route name2', NULL, NULL, NULL, '2015-02-17 22:57:42', '2015-02-17 22:57:42', 'active', 0, 1, 72, 500),
(77, 1, 'simple', 'route name1', NULL, NULL, NULL, '2015-02-17 22:59:09', '2015-02-17 22:59:09', 'active', 0, 1, 72, 500),
(78, 1, 'simple', 'route name2', NULL, NULL, NULL, '2015-02-17 22:59:09', '2015-02-17 22:59:09', 'active', 0, 1, 72, 500),
(79, 1, 'simple', 'route name1', NULL, NULL, NULL, '2015-02-17 23:16:31', '2015-02-17 23:16:31', 'active', 0, 1, 72, 500),
(80, 1, 'simple', 'route name2', NULL, NULL, NULL, '2015-02-17 23:16:31', '2015-02-17 23:16:31', 'active', 0, 1, 72, 500),
(81, 1, 'simple', 'route name2', NULL, NULL, NULL, '2015-02-17 23:16:31', '2015-02-17 23:16:31', 'active', 0, 1, 72, 500),
(82, 1, 'simple', 'route name1', NULL, NULL, NULL, '2015-02-17 23:16:31', '2015-02-17 23:16:31', 'active', 0, 1, 72, 500),
(83, 1, 'simple', 'route name1', NULL, NULL, NULL, '2015-02-17 23:17:54', '2015-02-17 23:17:54', 'active', 0, 1, 72, 500),
(84, 1, 'simple', 'route name2', NULL, NULL, NULL, '2015-02-17 23:17:54', '2015-02-17 23:17:54', 'active', 0, 1, 72, 500),
(85, 1, 'simple', 'route name1', NULL, NULL, NULL, '2015-02-17 23:23:55', '2015-02-17 23:23:55', 'active', 0, 1, 72, 500),
(86, 1, 'simple', 'route name2', NULL, NULL, NULL, '2015-02-17 23:23:55', '2015-02-17 23:23:55', 'active', 0, 1, 72, 500),
(87, 1, 'simple', 'route name1', NULL, NULL, NULL, '2015-02-17 23:45:47', '2015-02-17 23:45:47', 'active', 0, 1, 72, 500),
(88, 1, 'simple', 'route name1', NULL, NULL, NULL, '2015-02-17 23:50:44', '2015-02-17 23:50:44', 'active', 0, 1, 72, 500),
(89, 1, 'simple', 'route name1', NULL, NULL, NULL, '2015-02-17 23:53:19', '2015-02-17 23:53:19', 'active', 0, 1, 72, 500),
(90, 1, 'simple', 'route name2', NULL, NULL, NULL, '2015-02-17 23:53:19', '2015-02-17 23:53:19', 'active', 0, 1, 72, 500),
(91, 1, 'simple', 'route name1', NULL, NULL, NULL, '2015-02-17 23:56:22', '2015-02-17 23:56:22', 'active', 0, 1, 72, 500),
(92, 1, 'simple', 'route name2', NULL, NULL, NULL, '2015-02-17 23:56:22', '2015-02-17 23:56:22', 'active', 0, 1, 72, 500),
(93, 1, 'simple', 'route name1', NULL, NULL, NULL, '2015-02-17 23:56:36', '2015-02-17 23:56:36', 'active', 0, 1, 72, 500),
(94, 1, 'simple', 'route name2', NULL, NULL, NULL, '2015-02-17 23:56:36', '2015-02-17 23:56:36', 'active', 0, 1, 72, 500),
(95, 1, 'simple', 'route name1', NULL, NULL, NULL, '2015-02-17 23:57:50', '2015-02-17 23:57:50', 'active', 0, 1, 72, 500),
(96, 1, 'simple', 'route name1', NULL, NULL, NULL, '2015-02-17 23:59:32', '2015-02-17 23:59:32', 'active', 0, 1, 72, 500),
(97, 1, 'simple', 'route name2', NULL, NULL, NULL, '2015-02-17 23:59:32', '2015-02-17 23:59:32', 'active', 0, 1, 72, 500),
(98, 1, 'simple', 'route name1', NULL, NULL, NULL, '2015-02-18 00:02:08', '2015-02-18 00:02:08', 'active', 0, 1, 72, 500),
(99, 1, 'simple', 'route name2', NULL, NULL, NULL, '2015-02-18 00:02:08', '2015-02-18 00:02:08', 'active', 0, 1, 72, 500),
(100, 1, 'simple', 'route name1', NULL, NULL, NULL, '2015-02-18 00:47:59', '2015-02-18 00:47:59', 'testing', 0, 1, 72, 500),
(101, 1, 'simple', 'route name2', NULL, NULL, NULL, '2015-02-18 00:47:59', '2015-02-18 00:47:59', 'testing', 0, 1, 72, 500),
(102, NULL, 'simple', 'route name', NULL, NULL, NULL, '2015-02-18 01:29:50', '2015-02-18 01:29:50', 'active', 1, 0, 124, 500),
(103, NULL, 'simple', 'route name', NULL, NULL, NULL, '2015-02-18 01:30:00', '2015-02-18 01:30:00', 'active', 1, 0, 124, 500),
(104, NULL, 'simple', 'route name', NULL, NULL, NULL, '2015-02-18 01:31:47', '2015-02-18 01:31:47', 'testing', 1, 0, 124, 500),
(105, NULL, 'simple', 'route name', NULL, NULL, NULL, '2015-02-18 02:00:46', '2015-02-18 02:00:46', 'testing', 1, 0, 124, 500),
(106, NULL, 'simple', 'route name', NULL, NULL, NULL, '2015-02-18 03:21:45', '2015-02-18 03:21:45', 'testing', 1, 0, 124, 500),
(107, NULL, 'simple', 'route name', NULL, NULL, NULL, '2015-02-18 03:27:16', '2015-02-18 03:27:16', 'testing', 1, 0, 124, 500),
(108, NULL, 'simple', 'route name', NULL, NULL, NULL, '2015-02-18 03:31:57', '2015-02-18 03:31:57', 'testing', 1, 0, 124, 500),
(109, NULL, 'simple', 'route name', NULL, NULL, NULL, '2015-02-18 03:33:57', '2015-02-18 03:33:57', 'testing', 1, 0, 124, 500),
(110, NULL, 'simple', 'route name', NULL, NULL, NULL, '2015-02-18 03:40:21', '2015-02-18 03:40:21', 'testing', 1, 0, 124, 500),
(111, NULL, 'simple', 'route name', NULL, NULL, NULL, '2015-02-18 03:44:19', '2015-02-18 03:44:19', 'testing', 1, 0, 124, 500),
(112, NULL, 'simple', 'route name', NULL, NULL, NULL, '2015-02-18 03:45:40', '2015-02-18 03:45:40', 'testing', 1, 0, 124, 500),
(113, NULL, 'simple', 'route name', NULL, NULL, NULL, '2015-02-18 03:47:18', '2015-02-18 03:47:18', 'testing', 1, 0, 124, 500),
(114, 1, 'simple', 'route name', NULL, NULL, NULL, '2015-02-18 03:51:17', '2015-02-18 03:51:17', 'testing', 1, 0, 124, 500),
(115, 1, 'simple', 'route name', NULL, NULL, NULL, '2015-02-18 03:56:17', '2015-02-18 03:56:17', 'testing', 1, 0, 124, 500),
(116, 1, 'simple', 'route name', NULL, NULL, NULL, '2015-02-18 03:56:59', '2015-02-18 03:56:59', 'testing', 1, 0, 124, 500),
(117, 1, 'simple', 'route name', NULL, NULL, NULL, '2015-02-18 03:57:44', '2015-02-18 03:57:44', 'testing', 1, 0, 124, 500),
(118, 1, 'simple', 'route name1', NULL, NULL, NULL, '2015-02-18 04:03:04', '2015-02-18 04:03:04', 'looking', 0, 1, 72, 500),
(119, 1, 'simple', 'route name2', NULL, NULL, NULL, '2015-02-18 04:03:04', '2015-02-18 04:03:04', 'looking', 0, 1, 72, 500),
(120, 1, 'simple', 'route name2', NULL, NULL, NULL, '2015-02-18 04:03:52', '2015-02-18 04:03:52', 'active', 0, 1, 72, 500),
(121, 1, 'simple', 'route name1', NULL, NULL, NULL, '2015-02-18 04:03:52', '2015-02-18 04:03:52', 'some 2', 0, 1, 72, 500),
(122, 1, 'simple', 'Z11', NULL, NULL, NULL, '2015-02-18 20:57:30', '2015-02-18 20:57:30', 'active', 0, 1, 600, 55),
(123, 1, 'simple', 'Z11', NULL, NULL, NULL, '2015-02-18 20:57:31', '2015-02-18 20:57:31', 'active', 0, 1, 600, 55),
(124, 1, 'simple', 'route name', NULL, NULL, NULL, '2015-02-18 04:44:33', '2015-02-18 04:44:33', 'testing', 1, 0, 124, 500),
(125, 1, 'simple', 'route name', NULL, NULL, NULL, '2015-02-18 04:49:50', '2015-02-18 04:49:50', 'active', 1, 0, 124, 500),
(126, 1, 'simple', 'route name', NULL, NULL, NULL, '2015-02-18 04:50:53', '2015-02-18 04:50:53', 'testing', 1, 0, 124, 500),
(127, 1, 'simple', 'route name', NULL, NULL, NULL, '2015-02-18 04:52:40', '2015-02-18 04:52:40', 'testing', 1, 0, 124, 500),
(128, 1, 'simple', 'route name', NULL, NULL, NULL, '2015-02-18 04:54:55', '2015-02-18 04:54:55', 'testing', 1, 0, 124, 500),
(129, 1, 'simple', 'route name', NULL, NULL, NULL, '2015-02-18 05:00:34', '2015-02-18 05:00:34', 'testing', 1, 0, 124, 500),
(130, 1, 'simple', 'ABBA12', NULL, NULL, NULL, '2015-02-18 21:17:55', '2015-02-18 21:17:55', 'active', 0, 1, 700, 50),
(131, 1, 'simple', 'ABBA12', NULL, NULL, NULL, '2015-02-18 21:17:56', '2015-02-18 21:17:56', 'active', 0, 1, 700, 50),
(132, 1, 'simple', 'route name', NULL, NULL, NULL, '2015-02-18 05:02:25', '2015-02-18 05:02:25', 'testing', 1, 0, 124, 500),
(133, 1, 'simple', 'route name', NULL, NULL, NULL, '2015-02-18 05:04:59', '2015-02-18 05:04:59', 'testing', 1, 0, 124, 500),
(134, 1, 'simple', 'route name', NULL, NULL, NULL, '2015-02-18 05:11:33', '2015-02-23 16:40:53', 'testing', 1, 0, 124, 500),
(135, 1, 'simple', 'route name', NULL, NULL, NULL, '2015-02-18 05:22:06', '2015-02-18 05:22:06', 'testing', 1, 0, 124, 500),
(136, 1, 'simple', 'Z1', NULL, NULL, NULL, '2015-02-18 22:32:00', '2015-02-18 22:32:00', 'active', 0, 1, 133, 55),
(137, 1, 'simple', 'Z1', NULL, NULL, NULL, '2015-02-18 22:32:02', '2015-02-18 22:32:02', 'active', 0, 1, 133, 55),
(138, 1, 'simple', 'Zipthedog', NULL, NULL, NULL, '2015-02-18 22:37:36', '2015-02-18 22:37:36', 'active', 0, 1, 700, 67),
(139, 1, 'simple', 'Zipthedog', NULL, NULL, NULL, '2015-02-18 22:37:37', '2015-02-18 22:37:37', 'active', 0, 1, 700, 67),
(140, 1, 'simple', 'ZZAPP', NULL, NULL, NULL, '2015-02-18 22:42:42', '2015-02-18 22:42:42', 'active', 0, 1, 300, 50),
(141, 1, 'simple', 'ZZAPP', NULL, NULL, NULL, '2015-02-18 22:42:44', '2015-02-18 22:42:44', 'active', 0, 1, 300, 50),
(142, 1, 'simple', 'XXIXXX', NULL, NULL, NULL, '2015-02-18 22:51:59', '2015-02-18 22:51:59', 'active', 0, 1, 600, 55),
(143, 1, 'simple', 'route name1', NULL, NULL, NULL, '2015-02-18 07:27:43', '2015-02-18 07:27:43', 'active', 0, 1, 72, 500),
(144, 1, 'simple', 'route name2', NULL, NULL, NULL, '2015-02-18 07:27:43', '2015-02-18 07:27:43', 'active', 0, 1, 72, 500),
(145, 1, 'simple', 'route name2', NULL, NULL, NULL, '2015-02-18 07:28:22', '2015-02-18 07:28:22', 'active', 0, 1, 72, 500),
(146, 1, 'simple', 'route name1', NULL, NULL, NULL, '2015-02-18 07:28:22', '2015-02-18 07:28:22', 'active', 0, 1, 72, 500),
(147, 1, 'simple', 'route name2', NULL, NULL, NULL, '2015-02-18 07:28:22', '2015-02-18 07:28:22', 'active', 0, 1, 72, 500),
(148, 1, 'simple', 'route name1', NULL, NULL, NULL, '2015-02-18 07:28:22', '2015-02-18 07:28:22', 'active', 0, 1, 72, 500),
(149, 1, 'simple', 'route name1', NULL, NULL, NULL, '2015-02-18 07:28:58', '2015-02-18 07:28:58', 'active', 0, 1, 72, 500),
(150, 1, 'simple', 'route name2', NULL, NULL, NULL, '2015-02-18 07:28:58', '2015-02-18 07:28:58', 'active', 0, 1, 72, 500),
(151, 1, 'simple', 'route name1', NULL, NULL, NULL, '2015-02-18 07:29:12', '2015-02-18 07:29:12', 'active', 0, 1, 72, 500),
(152, 1, 'simple', 'route name2', NULL, NULL, NULL, '2015-02-18 07:29:12', '2015-02-18 07:29:12', 'active', 0, 1, 72, 500),
(153, 1, 'simple', 'route name1', NULL, NULL, NULL, '2015-02-18 07:44:01', '2015-02-18 07:44:01', 'active', 0, 1, 72, 500),
(154, 1, 'simple', 'route name2', NULL, NULL, NULL, '2015-02-18 07:44:01', '2015-02-18 07:44:01', 'active', 0, 1, 72, 500),
(155, 1, 'simple', 'route name1', NULL, NULL, NULL, '2015-02-18 07:44:44', '2015-02-18 07:44:44', 'active', 0, 1, 72, 500),
(156, 1, 'simple', 'route name2', NULL, NULL, NULL, '2015-02-18 07:44:44', '2015-02-18 07:44:44', 'active', 0, 1, 72, 500),
(157, 1, 'simple', 'route name1', NULL, NULL, NULL, '2015-02-18 07:46:25', '2015-02-18 07:46:25', 'active', 0, 1, 72, 500),
(158, 1, 'simple', 'route name2', NULL, NULL, NULL, '2015-02-18 07:46:25', '2015-02-18 07:46:25', 'active', 0, 1, 72, 500),
(159, 1, 'simple', 'route name1', NULL, NULL, NULL, '2015-02-18 07:46:42', '2015-02-18 07:46:42', 'active', 0, 1, 72, 500),
(160, 1, 'simple', 'route name2', NULL, NULL, NULL, '2015-02-18 07:46:42', '2015-02-18 07:46:42', 'active', 0, 1, 72, 500),
(161, 1, 'simple', 'SG-1', NULL, NULL, NULL, '2015-02-19 00:18:50', '2015-02-19 00:18:50', 'active', 0, 1, 500, 60),
(162, 1, 'simple', 'SG-1', NULL, NULL, NULL, '2015-02-19 00:19:01', '2015-02-19 00:19:01', 'active', 0, 1, 500, 60),
(163, 1, 'simple', 'Yogi1', NULL, NULL, NULL, '2015-02-19 05:59:33', '2015-02-19 05:59:33', 'active', 0, 1, 500, 70),
(164, 1, 'simple', 'route name1', NULL, NULL, NULL, '2015-02-18 08:10:43', '2015-02-18 08:10:43', 'active', 0, 1, 72, 500),
(165, 1, 'simple', 'route name2', NULL, NULL, NULL, '2015-02-18 08:10:43', '2015-02-18 08:10:43', 'active', 0, 1, 72, 500),
(166, 1, 'simple', 'route name2', NULL, NULL, NULL, '2015-02-18 08:11:04', '2015-02-18 08:11:04', 'active', 0, 1, 72, 500),
(167, 1, 'simple', 'route name1', NULL, NULL, NULL, '2015-02-18 08:11:04', '2015-02-18 08:11:04', 'active', 0, 1, 72, 500),
(168, 1, 'simple', 'route name1', NULL, NULL, NULL, '2015-02-18 08:12:26', '2015-02-18 08:12:26', 'active', 0, 1, 72, 500),
(169, 1, 'simple', 'route name2', NULL, NULL, NULL, '2015-02-18 08:12:26', '2015-02-18 08:12:26', 'active', 0, 1, 72, 500),
(170, 1, 'simple', 'route name2', NULL, NULL, NULL, '2015-02-18 08:13:01', '2015-02-18 08:13:01', 'active', 0, 1, 72, 500),
(171, 1, 'simple', 'route name1', NULL, NULL, NULL, '2015-02-18 08:13:01', '2015-02-18 08:13:01', 'active', 0, 1, 72, 500),
(172, 1, 'simple', 'route name2', NULL, NULL, NULL, '2015-02-18 08:13:15', '2015-02-18 08:13:15', 'active', 0, 1, 72, 500),
(173, 1, 'simple', 'route name1', NULL, NULL, NULL, '2015-02-18 08:13:15', '2015-02-18 08:13:15', 'active', 0, 1, 72, 500),
(174, 1, 'simple', 'Ch1', NULL, NULL, NULL, '2015-02-19 16:19:34', '2015-02-19 16:19:34', 'active', 0, 1, 500, 30),
(175, 1, 'simple', 'vv', NULL, NULL, NULL, '2015-02-19 16:23:20', '2015-02-19 16:23:20', 'active', 0, 1, 500, 30),
(176, 1, 'simple', 'vv', NULL, NULL, NULL, '2015-02-19 16:27:10', '2015-02-19 16:27:10', 'active', 0, 1, 550, 35),
(177, 1, 'simple', 'ddd', NULL, NULL, NULL, '2015-02-19 16:32:33', '2015-02-19 16:32:33', 'active', 0, 1, 600, 55),
(178, 1, 'simple', 'dd', NULL, NULL, NULL, '2015-02-19 16:34:50', '2015-02-19 16:34:50', 'active', 0, 1, 300, 33),
(179, 1, 'simple', 'FFF', NULL, NULL, NULL, '2015-02-19 17:18:11', '2015-02-19 17:18:11', 'active', 0, 1, 400, 44),
(180, 1, 'simple', 'fff', NULL, NULL, NULL, '2015-02-19 17:57:44', '2015-02-19 17:57:44', 'active', 0, 1, 250, 66),
(181, 1, 'simple', 'f2', NULL, NULL, NULL, '2015-02-19 17:58:50', '2015-02-19 17:58:50', 'active', 0, 1, 500, 33),
(182, 1, 'simple', 'dd', NULL, NULL, NULL, '2015-02-19 18:02:36', '2015-02-19 18:02:36', 'active', 0, 1, 300, 40),
(183, NULL, 'simple', 'ddd', NULL, NULL, NULL, '2015-02-18 11:20:18', '2015-02-18 11:20:18', 'active', 1, 0, 770, 23),
(184, NULL, 'simple', 'ddd', NULL, NULL, NULL, '2015-02-18 11:20:58', '2015-02-18 11:20:58', 'active', 1, 0, 770, 23),
(185, NULL, 'simple', 'ddd', NULL, NULL, NULL, '2015-02-18 11:22:07', '2015-02-18 11:22:07', 'active', 1, 0, 770, 23),
(186, NULL, 'simple', 'ddd', NULL, NULL, NULL, '2015-02-18 11:22:54', '2015-02-18 11:22:54', 'active', 1, 0, 770, 23),
(187, 1, 'simple', 'ddd', NULL, NULL, NULL, '2015-02-19 18:33:43', '2015-02-19 18:33:43', 'active', 0, 1, 100, 5),
(188, 1, 'simple', 'dd', NULL, NULL, NULL, '2015-02-19 18:42:34', '2015-02-19 18:42:34', 'active', 0, 1, 300, 55),
(189, NULL, 'simple', 'ddd', NULL, NULL, NULL, '2015-02-18 11:34:31', '2015-02-18 11:34:31', 'active', 1, 0, 770, 23),
(190, NULL, 'simple', 'ddd', NULL, NULL, NULL, '2015-02-18 11:40:14', '2015-02-18 11:40:14', 'active', 1, 0, 770, 23),
(191, 1, 'simple', 'dd', NULL, NULL, NULL, '2015-02-19 19:00:17', '2015-02-19 19:00:17', 'inactive', 0, 1, 300, 45),
(192, NULL, 'simple', 'route name', NULL, NULL, NULL, '2015-02-19 19:23:18', '2015-02-24 16:26:05', 'active', 1, 0, 72, 500),
(193, NULL, 'simple', 'testme', NULL, NULL, NULL, '2015-02-19 20:57:25', '2015-02-19 20:57:25', 'active', 1, 0, 555, 44),
(194, NULL, 'simple', 'St. George Phone', NULL, NULL, NULL, '2015-02-19 22:37:40', '2015-02-19 22:37:40', 'active', 1, 0, 30, 50),
(195, NULL, 'simple', 'Scott Phone', NULL, NULL, NULL, '2015-02-19 22:38:34', '2015-02-19 22:38:34', 'active', 1, 0, 60, 51),
(196, 8, 'simple', 'ff', NULL, NULL, NULL, '2015-02-19 23:22:35', '2015-02-19 23:22:35', 'active', 0, 1, 72, 25),
(197, NULL, 'simple', 'Test', NULL, NULL, NULL, '2015-02-19 23:37:48', '2015-02-19 23:37:48', 'inactive', 1, 0, 72, 32),
(198, NULL, 'simple', 'Bobby Burgers', NULL, NULL, NULL, '2015-02-20 16:59:14', '2015-02-20 16:59:14', 'active', 1, 0, 72, 5),
(199, NULL, 'simple', 'a', NULL, NULL, NULL, '2015-02-22 02:04:01', '2015-02-22 02:04:01', 'active', 1, 0, 5, 5),
(200, NULL, 'simple', 'wnum', NULL, NULL, NULL, '2015-02-22 03:14:04', '2015-02-22 03:14:04', 'active', 1, 0, 48, 25),
(201, 8, 'simple', 'rrr', NULL, NULL, NULL, '2015-02-22 03:34:49', '2015-02-22 03:35:51', 'active', 0, 1, 72, 25),
(202, NULL, 'simple', 'ww', NULL, NULL, NULL, '2015-02-22 03:37:15', '2015-02-22 03:37:15', 'active', 1, 0, 55, 25),
(203, 8, 'simple', 'ff', NULL, NULL, NULL, '2015-02-23 02:56:13', '2015-02-23 02:56:13', 'inactive', 0, 1, 24, 5),
(204, 8, 'simple', 'test', NULL, NULL, NULL, '2015-02-23 18:20:03', '2015-02-23 18:20:03', 'active', 0, 1, 72, 123),
(208, NULL, 'simple', 'ww', NULL, NULL, NULL, '2015-02-24 05:24:11', '2015-02-24 05:24:11', 'active', 1, 0, 33, 33),
(209, 8, 'simple', 'ww', NULL, NULL, NULL, '2015-02-24 05:34:56', '2015-02-24 05:34:56', 'active', 0, 1, 33, 2),
(210, 8, 'simple', 'ww', NULL, NULL, NULL, '2015-02-24 05:36:14', '2015-02-24 05:36:14', 'active', 0, 1, 5, 1);

--
-- Dumping data for table `provisioned_route_channel`
--

INSERT INTO `provisioned_route_channel` (`provisioned_route_id`, `channel_id`) VALUES
(96, 2),
(97, 4),
(98, 2),
(99, 4),
(100, 2),
(101, 4),
(118, 2),
(119, 4),
(120, 4),
(121, 2),
(135, 5),
(142, 6),
(144, 4),
(143, 2),
(146, 2),
(147, 4),
(145, 4),
(148, 2),
(149, 2),
(150, 4),
(151, 2),
(152, 4),
(153, 2),
(154, 4),
(155, 2),
(156, 4),
(157, 2),
(158, 4),
(159, 2),
(160, 4),
(161, 9),
(162, 9),
(163, 9),
(164, 2),
(165, 4),
(166, 4),
(167, 2),
(168, 2),
(169, 4),
(170, 4),
(171, 2),
(172, 4),
(173, 2),
(174, 9),
(175, 15),
(176, 14),
(177, 14),
(178, 14),
(179, 13),
(180, 2),
(181, 15),
(182, 11),
(187, 10),
(188, 7),
(189, 5),
(190, 5),
(191, 9),
(193, 2),
(194, 1),
(195, 12),
(196, 17),
(197, 3),
(198, 6),
(199, 7),
(200, 15),
(201, 8),
(202, 10),
(203, 8),
(134, 6),
(204, 10),
(205, 6),
(206, 6),
(207, 6),
(208, 12),
(209, 14),
(210, 11),
(192, 13);

--
-- Dumping data for table `role`
--

INSERT INTO `role` (`role_id`, `role_name`, `role_created`) VALUES
(1, 'Admin', '2015-02-13 17:03:44'),
(2, 'Standard', '2015-02-13 17:03:44'),
(3, 'Read-only', '2015-02-13 17:04:14');

--
-- Dumping data for table `role_access`
--

INSERT INTO `role_access` (`access_id`, `role_id`, `scope_id`, `component_id`, `record_req`, `limit_set`, `permission`, `access_created`) VALUES
(1, 1, 1, 1, 0, 0, 6, '2015-02-17 21:25:47'),
(2, 1, 2, 2, 0, 0, 6, '2015-02-17 21:36:18'),
(3, 2, 1, 1, 0, 0, 6, '2015-02-17 21:25:47'),
(4, 2, 2, 2, 1, 0, 6, '2015-02-17 21:36:18'),
(5, 3, 1, 1, 0, 0, 4, '2015-02-17 21:26:04'),
(6, 3, 2, 2, 1, 0, 4, '2015-02-17 21:36:41'),
(7, 1, 3, 3, 0, 1, 6, '2015-02-19 18:17:45'),
(8, 1, 4, 4, 0, 0, 6, '2015-02-19 18:17:45'),
(9, 1, 5, 5, 0, 0, 6, '2015-02-19 18:18:28'),
(10, 1, 6, 6, 0, 0, 6, '2015-02-19 18:18:28'),
(11, 1, 7, 7, 0, 0, 6, '2015-02-19 18:19:02'),
(12, 1, 3, 8, 0, 0, 6, '2015-02-19 18:19:02'),
(13, 1, 3, 9, 0, 0, 6, '2015-02-19 18:19:23'),
(14, 2, 3, 3, 0, 0, 4, '2015-02-19 18:28:37'),
(15, 2, 3, 8, 0, 0, 4, '2015-02-19 18:28:37'),
(16, 2, 3, 9, 0, 0, 4, '2015-02-19 18:28:57');

--
-- Dumping data for table `scope`
--

INSERT INTO `scope` (`scope_id`, `scope_code`, `scope_display`, `scope_desc`, `scope_active`, `scope_url_path`, `nav_menu_display`, `scope_public`) VALUES
(1, 'edigest', 'E-mail Digest', NULL, 1, NULL, NULL, 0),
(2, 'campaign', 'Campaign', NULL, 1, NULL, NULL, 0),
(3, 'setuser', 'Add / Edit Users', 'The ability to create and edit user accounts for an org unit', 1, NULL, NULL, 0),
(4, 'tracking', 'Call Tracking', NULL, 1, NULL, NULL, 0),
(5, 'localnum', 'Local or Toll-free number', NULL, 1, NULL, NULL, 0),
(6, 'report', 'Reports', NULL, 1, NULL, NULL, 0),
(7, 'callrec', 'Call Recording', NULL, 1, NULL, NULL, 0),
(8, 'advrouting', 'Advance Call Routing', NULL, 1, NULL, NULL, 0),
(9, 'score', 'Call Scoring', NULL, 1, NULL, NULL, 0),
(10, 'goal', 'Goal Setting and Tracking', NULL, 1, NULL, NULL, 0),
(11, 'dni', 'Dynamic Number Insertion', NULL, 1, NULL, NULL, 0),
(12, 'googleanalytic', 'Google Analytics Integration', NULL, 1, NULL, NULL, 0),
(13, 'teleclick', 'TeleClick', NULL, 1, NULL, NULL, 0),
(14, 'accessmgt', 'Access Management', NULL, 1, NULL, NULL, 0),
(15, 'schedule', 'Scheduled Services', NULL, 1, NULL, NULL, 0),
(16, 'api', 'LogMyCalls API and Connectors', NULL, 1, NULL, NULL, 0),
(17, 'callmin', 'Number of Minutes Included', NULL, 1, NULL, NULL, 0);

--
-- Dumping data for table `subscription`
--

INSERT INTO `subscription` (`subscription_id`, `subscription_name`, `subscription_desc`, `subscription_external_id`, `subscription_active`, `subscription_created`) VALUES
(1, 'LMC Free', NULL, 123456, 1, '2015-02-19 16:34:22'),
(2, 'LMC Basic', NULL, 123487, 1, '2015-02-19 16:34:22'),
(3, 'LMC Pro', NULL, 456123, 1, '2015-02-19 16:34:56'),
(4, 'LMC Enterprise', NULL, 789465, 1, '2015-02-19 16:34:56');

--
-- Dumping data for table `subscription_component`
--

INSERT INTO `subscription_component` (`subscription_id`, `component_id`, `component_quantity`, `date_created`) VALUES
(1, 3, 1, '2015-02-19 17:57:46'),
(1, 4, 1, '2015-02-19 17:57:46'),
(1, 5, 1, '2015-02-19 17:58:24'),
(1, 6, 1, '2015-02-19 17:58:24'),
(1, 7, 1, '2015-02-19 17:58:59'),
(2, 4, 1, '2015-02-19 17:59:38'),
(2, 5, 1, '2015-02-19 17:59:38'),
(2, 6, 1, '2015-02-19 17:59:57'),
(2, 7, 1, '2015-02-19 17:59:57'),
(2, 8, 1, '2015-02-19 17:58:59'),
(3, 4, 1, '2015-02-19 18:00:24'),
(3, 5, 1, '2015-02-19 18:00:42'),
(3, 6, 1, '2015-02-19 18:00:42'),
(3, 7, 1, '2015-02-19 18:01:05'),
(3, 8, 1, '2015-02-19 18:00:24'),
(4, 4, 1, '2015-02-19 18:01:25'),
(4, 5, 1, '2015-02-19 18:01:25'),
(4, 6, 1, '2015-02-19 18:01:44'),
(4, 7, 1, '2015-02-19 18:01:44'),
(4, 9, 1, '2015-02-19 18:01:05');

/*!40101 SET CHARACTER_SET_CLIENT=@OLD_CHARACTER_SET_CLIENT */;
/*!40101 SET CHARACTER_SET_RESULTS=@OLD_CHARACTER_SET_RESULTS */;
/*!40101 SET COLLATION_CONNECTION=@OLD_COLLATION_CONNECTION */;
